Player,AV,Age,Pos,-9999
Eugene Amano,2,22,C,AmanEu20
Eugene Amano,1,23,C,AmanEu20
Eugene Amano,1,24,C,AmanEu20
Eugene Amano,6,28,C,AmanEu20
Eugene Amano,7,29,C,AmanEu20
David Baas,7,29,C,BaasDa20
David Baas,6,30,C,BaasDa20
David Baas,9,31,C,BaasDa20
LeCharles Bentley,8,25,C,BentLe00
LeCharles Bentley,7,26,C,BentLe00
Joe Berger,4,27,C,BergJo20
Joe Berger,6,28,C,BergJo20
Joe Berger,7,33,C,BergJo20
Joe Berger,6,34,C,BergJo20
Austin Blythe,1,24,C,BlytAu00
Austin Blythe,2,25,C,BlytAu00
Austin Blythe,8,27,RG/C,BlytAu00
Austin Blythe,6,28,C,BlytAu00
Russell Bodine,8,22,C,BodiRu00
Russell Bodine,9,23,C,BodiRu00
Russell Bodine,7,24,C,BodiRu00
Russell Bodine,6,25,C,BodiRu00
Russell Bodine,3,26,C,BodiRu00
Evan Boehm,2,23,C,BoehEv00
Evan Boehm,3,25,C,BoehEv00
Kevin Boothe,5,28,C,BootKe20
Luke Bowanko,5,23,C,BowaLu00
Luke Bowanko,2,26,C,BowaLu00
Justin Britt,7,25,C,BritJu00
Justin Britt,7,26,C,BritJu00
Justin Britt,8,27,C,BritJu00
Justin Britt,4,28,C,BritJu00
Justin Britt,3,30,C,BritJu00
Jason Brown,7,25,C,BrowJa23
Jason Brown,4,26,C,BrowJa23
Jason Brown,6,27,C,BrowJa23
Jason Brown,4,28,C/RG,BrowJa23
Antoine Caldwell,2,23,C,CaldAn20
Ryan Cook,2,26,C,CookRy20
Ryan Cook,6,29,C,CookRy20
Cameron Erving,5,24,C,ErviCa00
Jeff Faine,4,22,C,FainJe20
Jeff Faine,5,23,C,FainJe20
Jeff Faine,5,24,C,FainJe20
Jeff Faine,8,25,C,FainJe20
Jeff Faine,8,26,C,FainJe20
Jeff Faine,7,27,C,FainJe20
Jeff Faine,4,28,C,FainJe20
Jeff Faine,4,29,C,FainJe20
Jeff Faine,6,30,C,FainJe20
Jeff Faine,4,31,C,FainJe20
Melvin Fowler,5,24,C/LG,FowlMe20
Melvin Fowler,2,25,C,FowlMe20
Melvin Fowler,4,26,C,FowlMe20
Melvin Fowler,7,27,C,FowlMe20
Melvin Fowler,6,28,C,FowlMe20
Melvin Fowler,3,29,C,FowlMe20
Travis Frederick,9,22,C,FredTr00
Travis Frederick,12,23,C,FredTr00
Travis Frederick,9,24,C,FredTr00
Travis Frederick,15,25,C,FredTr00
Travis Frederick,11,26,C,FredTr00
Travis Frederick,11,28,C,FredTr00
Zach Fulton,7,26,C,FultZa00
Lamont Gaillard,2,24,C,GailLa00
Andy Gallik,4,24,C,GallAn00
Eric Ghiaciuc,7,25,C,GhiaEr20
Eric Ghiaciuc,7,26,C,GhiaEr20
Eric Ghiaciuc,5,27,C,GhiaEr20
Jonathan Goodwin,9,30,C,GoodJo23
Jonathan Goodwin,12,31,C,GoodJo23
Jonathan Goodwin,8,32,C,GoodJo23
Jonathan Goodwin,8,33,C,GoodJo23
Jonathan Goodwin,8,34,C,GoodJo23
Jonathan Goodwin,8,35,C,GoodJo23
Jonathan Goodwin,8,36,C,GoodJo23
Gino Gradkowski,7,25,C,GradGi00
John Greco,4,33,C,GrecJo20
Jake Grove,4,25,C,GrovJa20
Jake Grove,4,26,C,GrovJa20
Jake Grove,4,28,C,GrovJa20
Jake Grove,5,29,C,GrovJa20
Andre Gurode,4,24,RG/C,GuroAn20
Andre Gurode,13,28,C,GuroAn20
Andre Gurode,10,29,C,GuroAn20
Andre Gurode,10,30,C,GuroAn20
Andre Gurode,12,31,C,GuroAn20
Andre Gurode,10,32,C,GuroAn20
Andre Gurode,2,35,C,GuroAn20
Rex Hadnot,7,24,C,HadnRe20
Jon Halapio,7,28,C,HalaJo00
Geoff Hangartner,6,24,C,HangGe20
Geoff Hangartner,2,25,C,HangGe20
Geoff Hangartner,5,26,C/G,HangGe20
Geoff Hangartner,6,27,C,HangGe20
Geoff Hangartner,5,28,C,HangGe20
Geoff Hangartner,6,30,C,HangGe20
Geoff Hangartner,1,31,C,HangGe20
Nick Hardwick,9,23,C,HardNi55
Nick Hardwick,8,24,C,HardNi55
Nick Hardwick,13,25,C,HardNi55
Nick Hardwick,5,26,C,HardNi55
Nick Hardwick,8,27,C,HardNi55
Nick Hardwick,10,29,C,HardNi55
Nick Hardwick,9,30,C,HardNi55
Nick Hardwick,7,31,C,HardNi55
Nick Hardwick,10,32,C,HardNi55
Leroy Harris,1,24,C,HarrLe21
Leroy Harris,2,25,C,HarrLe21
Justin Hartwig,9,25,C,HartJu20
Justin Hartwig,7,26,C,HartJu20
Justin Hartwig,7,27,C,HartJu20
Justin Hartwig,6,29,C,HartJu20
Justin Hartwig,8,30,C,HartJu20
Justin Hartwig,9,31,C,HartJu20
Joe Hawley,4,25,C,HawlJo20
Joe Hawley,7,27,C,HawlJo20
Joe Hawley,7,28,C,HawlJo20
Eric Heitmann,5,25,RG/C,HeitEr20
Eric Heitmann,6,26,C,HeitEr20
Eric Heitmann,5,27,C,HeitEr20
Eric Heitmann,8,28,C,HeitEr20
Eric Heitmann,7,29,C,HeitEr20
Drew Hodgdon,2,25,C,HodgDr20
Khaled Holmes,3,25,C,HolmKh00
Rodney Hudson,1,22,C,HudsRo00
Rodney Hudson,7,24,C,HudsRo00
Rodney Hudson,8,25,C,HudsRo00
Rodney Hudson,6,26,C,HudsRo00
Rodney Hudson,9,27,C,HudsRo00
Rodney Hudson,10,28,C,HudsRo00
Rodney Hudson,6,29,C,HudsRo00
Rodney Hudson,11,30,C,HudsRo00
Rodney Hudson,8,31,C,HudsRo00
Rodney Hudson,6,32,C,HudsRo00
Richie Incognito,8,23,C,IncoRi20
Al Johnson,7,25,C,JohnAl22
Al Johnson,8,26,C,JohnAl22
Al Johnson,2,27,C,JohnAl22
Al Johnson,7,28,C,JohnAl22
T.J. Johnson,1,25,C,JohnTJ00
T.J. Johnson,2,26,C,JohnTJ00
T.J. Johnson,2,27,C,JohnTJ00
Wesley Johnson,3,25,C,JohnWe00
Wesley Johnson,6,26,C,JohnWe00
Ben Jones,1,24,C,JoneBe01
Ben Jones,7,26,C,JoneBe01
Ben Jones,8,27,C,JoneBe01
Ben Jones,8,28,C,JoneBe01
Ben Jones,7,29,C,JoneBe01
Ben Jones,8,30,C,JoneBe01
Ben Jones,8,31,C,JoneBe01
Ben Jones,8,32,C,JoneBe01
Ben Jones,5,33,C,JoneBe01
Steve Justice,1,24,C,JustSt20
Ryan Kalil,6,23,C,KaliRy20
Ryan Kalil,9,24,C,KaliRy20
Ryan Kalil,6,25,C,KaliRy20
Ryan Kalil,14,26,C,KaliRy20
Ryan Kalil,13,28,C,KaliRy20
Ryan Kalil,7,29,C,KaliRy20
Ryan Kalil,13,30,C,KaliRy20
Ryan Kalil,3,31,C,KaliRy20
Ryan Kalil,8,33,C,KaliRy20
Daniel Kilgore,5,29,C,KilgDa00
Daniel Kilgore,8,30,C,KilgDa00
Daniel Kilgore,6,32,C,KilgDa00
Austin King,2,24,C,KingAu20
Austin King,1,25,C,KingAu20
Peter Konz,8,24,C/RG,KonzPe00
Dan Koppen,7,24,C,KoppDa20
Dan Koppen,10,25,C,KoppDa20
Dan Koppen,5,26,C,KoppDa20
Dan Koppen,10,27,C,KoppDa20
Dan Koppen,16,28,C,KoppDa20
Dan Koppen,10,29,C,KoppDa20
Dan Koppen,10,30,C,KoppDa20
Dan Koppen,11,31,C,KoppDa20
Dan Koppen,7,33,C,KoppDa20
Eric Kush,2,27,C,KushEr00
Ted Larsen,2,24,C,LarsTe20
Ted Larsen,7,25,C/RG,LarsTe20
Ted Larsen,2,26,C,LarsTe20
Ted Larsen,1,32,C,LarsTe20
Nick Leckey,1,22,C,LeckNi20
Nick Leckey,4,23,C,LeckNi20
Nick Leckey,5,24,C,LeckNi20
Nick Leckey,3,26,C,LeckNi20
Nick Leckey,1,27,C,LeckNi20
Josh LeRibeus,6,26,C,LeRiJo00
Kory Lichtensteiger,1,23,C,LichKo20
Kory Lichtensteiger,7,29,C,LichKo20
Brandon Linder,6,24,C,LindBr00
Brandon Linder,7,25,C,LindBr00
Brandon Linder,3,26,C,LindBr00
Brandon Linder,7,27,C,LindBr00
Brandon Linder,3,28,C,LindBr00
Brandon Linder,3,29,C,LindBr00
Spencer Long,7,26,C,LongSp00
Spencer Long,5,28,C,LongSp00
Joe Looney,3,25,C,LoonJo01
Joe Looney,7,28,C,LoonJo01
Joe Looney,5,30,C,LoonJo01
Wayne Lucier,4,24,LG/C,LuciWa20
Jonathan Luigs,1,23,C,LuigJo20
Alex Mack,5,24,C,MackAl20
Alex Mack,8,25,C,MackAl20
Alex Mack,6,26,C,MackAl20
Alex Mack,7,27,C,MackAl20
Alex Mack,9,28,C,MackAl20
Alex Mack,8,30,C,MackAl20
Alex Mack,17,31,C,MackAl20
Alex Mack,14,32,C,MackAl20
Alex Mack,12,33,C,MackAl20
Alex Mack,8,34,C,MackAl20
Alex Mack,6,35,C,MackAl20
Alex Mack,9,36,C,MackAl20
Sean Mahan,4,24,C,MahaSe20
Sean Mahan,8,27,C,MahaSe20
Sean Mahan,1,28,C,MahaSe20
Nick Mangold,9,22,C,MangNi20
Nick Mangold,7,23,C,MangNi20
Nick Mangold,10,24,C,MangNi20
Nick Mangold,11,25,C,MangNi20
Nick Mangold,12,26,C,MangNi20
Nick Mangold,9,27,C,MangNi20
Nick Mangold,5,28,C,MangNi20
Nick Mangold,7,29,C,MangNi20
Nick Mangold,8,30,C,MangNi20
Nick Mangold,10,31,C,MangNi20
Nick Mangold,3,32,C,MangNi20
Ali Marpet,5,24,C,MarpAl00
Marcus Martin,4,21,C,MartMa01
Marcus Martin,6,22,C,MartMa01
Nick Martin,6,24,C,MartNi00
Nick Martin,7,25,C,MartNi00
Nick Martin,9,26,C,MartNi00
Nick Martin,7,27,C,MartNi00
Mike McGlynn,8,25,C,McGlMi20
Seth McKinney,2,23,C,McKiSe20
Seth McKinney,2,24,C,McKiSe20
Seth McKinney,6,25,C,McKiSe20
Seth McKinney,6,26,C,McKiSe20
Seth McKinney,2,29,C,McKiSe20
Seth McKinney,1,30,C,McKiSe20
David Molk,1,24,C,MolkDa00
Will Montgomery,7,28,C,MontWi20
Will Montgomery,10,29,C,MontWi20
Will Montgomery,7,30,C,MontWi20
Will Montgomery,5,31,C,MontWi20
Chris Morris,1,24,C,MorrCh21
Chris Morris,1,25,C,MorrCh21
Scott Mruczkowski,1,25,C,MrucSc20
Scott Mruczkowski,2,26,C,MrucSc20
Scott Mruczkowski,8,27,C,MrucSc20
Scott Mruczkowski,2,28,C,MrucSc20
Scott Mruczkowski,1,29,C,MrucSc20
Chris Myers,9,26,C,MyerCh20
Chris Myers,8,27,C,MyerCh20
Chris Myers,8,28,C,MyerCh20
Chris Myers,10,29,C,MyerCh20
Chris Myers,11,30,C,MyerCh20
Chris Myers,9,31,C,MyerCh20
Chris Myers,6,32,C,MyerCh20
Chris Myers,8,33,C,MyerCh20
Rich Ohrnberger,4,28,C,OhrnRi20
Matt Paradis,7,26,C,ParaMa00
Matt Paradis,6,27,C,ParaMa00
Matt Paradis,6,28,C,ParaMa00
Matt Paradis,4,29,C,ParaMa00
Matt Paradis,6,30,C,ParaMa00
Matt Paradis,7,31,C,ParaMa00
Matt Paradis,3,32,C,ParaMa00
Michael Person,6,27,C,PersMi00
Maurkice Pouncey,13,21,C,PounMa20
Maurkice Pouncey,12,22,C,PounMa20
Maurkice Pouncey,11,23,C,PounMa20
Maurkice Pouncey,15,25,C,PounMa20
Maurkice Pouncey,9,27,C,PounMa20
Maurkice Pouncey,9,28,C,PounMa20
Maurkice Pouncey,12,29,C,PounMa20
Maurkice Pouncey,6,30,C,PounMa20
Maurkice Pouncey,7,31,C,PounMa20
Mike Pouncey,8,22,C,PounMi00
Mike Pouncey,7,23,C,PounMi00
Mike Pouncey,8,24,C,PounMi00
Mike Pouncey,8,26,C,PounMi00
Mike Pouncey,6,28,C,PounMi00
Mike Pouncey,11,29,C,PounMi00
Duke Preston,2,23,C,PresDu20
Duke Preston,1,25,C,PresDu20
Duke Preston,5,26,C,PresDu20
Billy Price,5,24,C,PricBi01
Billy Price,1,26,C,PricBi01
Billy Price,5,27,C,PricBi01
Manuel Ramirez,11,30,C,RamiMa20
Manuel Ramirez,9,31,RG/C,RamiMa20
Demetrius Rhaney,1,23,C,RhanDe00
Demetrius Rhaney,1,24,C,RhanDe00
Jamey Richard,5,24,C/LG,RichJa20
Jamey Richard,1,25,C,RichJa20
Jamey Richard,4,26,C,RichJa20
Jamey Richard,1,27,C,RichJa20
Barry Richardson,1,23,C,RichBa20
Weston Richburg,8,24,C,RichWe00
Weston Richburg,6,25,C,RichWe00
Weston Richburg,6,27,C,RichWe00
Weston Richburg,8,28,C,RichWe00
Chase Roullier,4,24,C,RoulCh00
Chase Roullier,7,25,C,RoulCh00
Chase Roullier,5,26,C,RoulCh00
Chase Roullier,6,27,C,RoulCh00
Chase Roullier,3,28,C,RoulCh00
Samson Satele,7,23,C,SateSa20
Samson Satele,9,24,C,SateSa20
Samson Satele,4,25,C,SateSa20
Samson Satele,7,26,C,SateSa20
Samson Satele,8,27,C,SateSa20
Samson Satele,5,28,C,SateSa20
Samson Satele,7,29,C,SateSa20
Samson Satele,9,30,C,SateSa20
Brian Schwenke,5,22,C,SchwBr00
Brian Schwenke,4,23,C,SchwBr00
Brian Schwenke,2,25,C,SchwBr00
Brian Schwenke,2,26,C,SchwBr00
A.Q. Shipley,3,26,C,ShipA.20
A.Q. Shipley,4,28,C,ShipA.20
A.Q. Shipley,3,29,C,ShipA.20
A.Q. Shipley,8,30,C,ShipA.20
A.Q. Shipley,6,31,C,ShipA.20
A.Q. Shipley,8,33,C,ShipA.20
Chris Spencer,6,24,C/LG,SpenCh21
Chris Spencer,8,25,C,SpenCh21
Chris Spencer,4,26,C,SpenCh21
Chris Spencer,6,27,C,SpenCh21
Chris Spencer,7,28,C,SpenCh21
Chris Spencer,2,31,C,SpenCh21
Chris Spencer,3,32,C,SpenCh21
Alex Stepanovich,6,23,C,StepAl20
Alex Stepanovich,4,24,C,StepAl20
Alex Stepanovich,3,26,C,StepAl20
Bryan Stork,7,24,C,StorBr00
Bryan Stork,4,25,C,StorBr00
John Sullivan,1,23,C,SullJo24
John Sullivan,9,24,C,SullJo24
John Sullivan,5,25,C,SullJo24
John Sullivan,8,26,C,SullJo24
John Sullivan,7,27,C,SullJo24
John Sullivan,7,28,C,SullJo24
John Sullivan,7,29,C,SullJo24
John Sullivan,2,31,C,SullJo24
John Sullivan,8,32,C,SullJo24
John Sullivan,11,33,C,SullJo24
Travis Swanson,7,24,C,SwanTr00
Travis Swanson,6,25,C,SwanTr00
Travis Swanson,5,26,C,SwanTr00
Travis Swanson,4,27,C,SwanTr00
Matt Tennant,1,23,C,TennMa20
Matt Tennant,1,24,C,TennMa20
Matt Tennant,1,25,C,TennMa20
J.C. Tretter,6,26,C,TretJC00
J.C. Tretter,7,27,C,TretJC00
J.C. Tretter,7,28,C,TretJC00
J.C. Tretter,9,29,C,TretJC00
J.C. Tretter,6,30,C,TretJC00
Larry Turner,1,22,C,TurnLa20
Max Unger,6,25,C,UngeMa20
Max Unger,16,26,C,UngeMa20
Max Unger,9,27,C,UngeMa20
Max Unger,10,29,C,UngeMa20
Max Unger,9,30,C,UngeMa20
Max Unger,9,31,C,UngeMa20
Max Unger,13,32,C,UngeMa20
Kraig Urbik,6,26,RG/C,UrbiKr20
Kraig Urbik,3,31,C,UrbiKr20
John Urschel,3,24,C,UrscJo00
Steve Vallos,3,25,C,VallSt00
Cody Wallace,1,28,C,WallCo20
Cody Wallace,2,29,C,WallCo20
Cody Wallace,2,30,C,WallCo20
Cody Wallace,8,31,C,WallCo20
Tyson Walter,2,24,C,WaltTy20
Tyson Walter,1,26,C,WaltTy20
J.D. Walton,7,23,C,WaltJ.20
J.D. Walton,6,24,C,WaltJ.20
J.D. Walton,8,27,C,WaltJ.20
Chris Watt,3,24,C,WattCh00
Scott Wells,6,25,C,WellSc20
Scott Wells,8,26,C,WellSc20
Scott Wells,7,27,C,WellSc20
Scott Wells,9,28,C,WellSc20
Scott Wells,9,29,C,WellSc20
Scott Wells,16,30,C,WellSc20
Scott Wells,6,32,C,WellSc20
Scott Wells,7,33,C,WellSc20
Stefen Wisniewski,6,23,C,WisnSt01
Stefen Wisniewski,5,24,C,WisnSt01
Stefen Wisniewski,5,25,C,WisnSt01
Stefen Wisniewski,8,26,C,WisnSt01
Stefen Wisniewski,2,30,C,WisnSt01
Eric Wood,4,25,C,WoodEr20
Eric Wood,6,26,C,WoodEr20
Eric Wood,7,27,C,WoodEr20
Eric Wood,7,28,C,WoodEr20
Eric Wood,10,29,C,WoodEr20
Eric Wood,5,30,C,WoodEr20
Eric Wood,7,31,C,WoodEr20
Jeremy Zuttah,5,24,C,ZuttJe20
Jeremy Zuttah,8,26,LG/C,ZuttJe20
Jeremy Zuttah,6,27,C,ZuttJe20
Jeremy Zuttah,9,28,C,ZuttJe20
Jeremy Zuttah,4,29,C,ZuttJe20
Jeremy Zuttah,9,30,C,ZuttJe20