Player,AV,Age,Pos,-9999
Mike Adams,3,22,RT,AdamMi02
Mike Adams,5,23,LT,AdamMi02
Mike Adams,3,24,T,AdamMi02
Mike Adams,1,26,T,AdamMi02
Hakeem Adeniji,3,23,LT,AdenHa00
Hakeem Adeniji,2,25,T,AdenHa00
Anthony Alabi,1,26,T,AlabAn20
Branden Albert,6,24,LT,AlbeBr20
Branden Albert,5,25,LT,AlbeBr20
Branden Albert,6,26,LT,AlbeBr20
Branden Albert,5,27,LT,AlbeBr20
Branden Albert,3,28,LT,AlbeBr20
Branden Albert,7,29,LT,AlbeBr20
Branden Albert,5,30,LT,AlbeBr20
Branden Albert,8,31,LT,AlbeBr20
Branden Albert,5,32,LT,AlbeBr20
Vadal Alexander,3,22,T,AlexVa00
Jeff Allen,5,27,RT,AlleJe01
Jeff Allen,4,28,T,AlleJe01
Shawn Andrews,4,28,LT,AndrSh55
Stacy Andrews,1,24,T,AndrSt21
Stacy Andrews,3,25,T,AndrSt21
Stacy Andrews,8,26,RT,AndrSt21
Stacy Andrews,4,27,RT,AndrSt21
Stacy Andrews,2,28,T,AndrSt21
Stacy Andrews,2,30,T,AndrSt21
Sam Baker,3,23,LT,BakeSa21
Sam Baker,8,24,LT,BakeSa21
Sam Baker,8,25,LT,BakeSa21
Sam Baker,4,26,LT,BakeSa21
Sam Baker,10,27,LT,BakeSa21
Zach Banner,1,26,T,BannZa00
Allen Barbre,1,24,T,BarbAl20
Allen Barbre,5,25,RT,BarbAl20
Allen Barbre,1,29,T,BarbAl20
Allen Barbre,3,33,T,BarbAl20
Joe Barksdale,1,23,T,BarkJo00
Joe Barksdale,7,25,RT,BarkJo00
Joe Barksdale,7,26,RT,BarkJo00
Joe Barksdale,8,27,RT,BarkJo00
Joe Barksdale,7,28,RT,BarkJo00
Joe Barksdale,6,29,RT,BarkJo00
Joe Barksdale,2,30,T,BarkJo00
Khalif Barnes,7,23,LT,BarnKh20
Khalif Barnes,9,24,LT,BarnKh20
Khalif Barnes,10,25,LT,BarnKh20
Khalif Barnes,8,26,LT,BarnKh20
Khalif Barnes,3,28,T,BarnKh20
Khalif Barnes,8,29,RT,BarnKh20
Khalif Barnes,4,30,RT,BarnKh20
Khalif Barnes,6,31,LT/LG,BarnKh20
Khalif Barnes,4,32,RT/LG,BarnKh20
Khalif Barnes,1,33,T,BarnKh20
Alex Barron,6,23,RT,BarrAl20
Alex Barron,8,24,RT,BarrAl20
Alex Barron,6,25,LT,BarrAl20
Alex Barron,5,26,RT,BarrAl20
Alex Barron,4,27,LT,BarrAl20
Alex Barron,1,28,T,BarrAl20
Zane Beadles,7,24,LG/RT,BeadZa20
Zane Beadles,3,31,RT,BeadZa20
Chad Beasley,2,25,T,BeasCh20
Will Beatty,4,24,T,BeatWi20
Will Beatty,2,25,T,BeatWi20
Will Beatty,5,26,LT,BeatWi20
Will Beatty,8,27,LT,BeatWi20
Will Beatty,6,28,LT,BeatWi20
Will Beatty,8,29,LT,BeatWi20
Demetress Bell,3,25,LT,BellDe20
Demetress Bell,6,26,LT,BellDe20
Demetress Bell,2,28,LT,BellDe20
Caleb Benenoch,3,23,RT,BeneCa00
Joe Berger,1,30,T,BergJo20
Joe Berger,2,31,T,BergJo20
Tony Bergstrom,1,26,T,BergTo00
Tony Bergstrom,2,29,T,BergTo00
Tony Bergstrom,1,30,T,BergTo00
Tony Bergstrom,2,31,T,BergTo00
Jordan Black,4,24,T,BlacJo20
Jordan Black,6,25,LT/RT,BlacJo20
Jordan Black,7,26,LT,BlacJo20
Jordan Black,1,27,T,BlacJo20
Jordan Black,2,29,T,BlacJo20
Jordan Black,5,30,RT,BlacJo20
Jordan Black,1,32,T,BlacJo20
Kevin Boothe,1,25,T,BootKe20
Kevin Boothe,3,26,T,BootKe20
Michael Bowie,4,22,RT,BowiMi00
James Brewer,1,25,T,BrewJa00
Jeremy Bridges,6,26,RT,BridJe20
Jeremy Bridges,3,28,T,BridJe20
Jeremy Bridges,3,29,T,BridJe20
Jeremy Bridges,3,31,RT,BridJe20
Justin Britt,9,23,RT,BritJu00
Wesley Britt,2,25,T,BritWe20
Eben Britton,7,22,RT,BritEb20
Eben Britton,3,26,T,BritEb20
Eben Britton,1,27,T,BritEb20
Charles Brown,4,24,RT,BrowCh28
Charles Brown,3,25,T,BrowCh28
Charles Brown,8,26,LT,BrowCh28
Charles Brown,1,28,T,BrowCh28
Colin Brown,1,26,T,BrowCo23
Elton Brown,3,25,RT,BrowEl20
Jammal Brown,5,24,RT,BrowJa55
Jammal Brown,15,25,LT,BrowJa55
Jammal Brown,9,26,LT,BrowJa55
Jammal Brown,13,27,LT,BrowJa55
Jammal Brown,6,29,RT,BrowJa55
Jammal Brown,6,30,RT,BrowJa55
Jamon Brown,2,23,T,BrowJa04
Levi Brown,6,23,RT,BrowLe20
Levi Brown,9,24,RT,BrowLe20
Levi Brown,8,25,RT,BrowLe20
Levi Brown,5,26,LT,BrowLe20
Levi Brown,7,27,LT,BrowLe20
Bryan Bulaga,7,21,RT,BulaBr20
Bryan Bulaga,9,22,RT,BulaBr20
Bryan Bulaga,5,23,RT,BulaBr20
Bryan Bulaga,9,25,RT,BulaBr20
Bryan Bulaga,6,26,RT,BulaBr20
Bryan Bulaga,10,27,RT,BulaBr20
Bryan Bulaga,6,29,RT,BulaBr20
Bryan Bulaga,8,30,RT,BulaBr20
Bryan Bulaga,5,31,RT,BulaBr20
Jermon Bushrod,9,25,LT,BushJe20
Jermon Bushrod,8,26,LT,BushJe20
Jermon Bushrod,13,27,LT,BushJe20
Jermon Bushrod,11,28,LT,BushJe20
Jermon Bushrod,9,29,LT,BushJe20
Jermon Bushrod,6,30,LT,BushJe20
Jermon Bushrod,3,31,T,BushJe20
Jermon Bushrod,4,34,LT,BushJe20
Kelly Butler,6,23,RT,ButlKe21
Rashad Butler,1,24,T,ButlRa20
Rashad Butler,1,26,T,ButlRa20
Rashad Butler,4,27,T,ButlRa20
Rashad Butler,1,30,T,ButlRa20
Bruce Campbell,1,22,T,CampBr20
Marcus Cannon,2,24,T,CannMa00
Marcus Cannon,4,25,RT,CannMa00
Marcus Cannon,4,26,T,CannMa00
Marcus Cannon,5,27,RT,CannMa00
Marcus Cannon,13,28,RT,CannMa00
Marcus Cannon,7,30,RT,CannMa00
Marcus Cannon,7,31,RT,CannMa00
Vernon Carey,1,23,T,CareVe20
Vernon Carey,7,24,RT,CareVe20
Vernon Carey,7,25,RT,CareVe20
Vernon Carey,7,26,LT,CareVe20
Vernon Carey,9,27,RT,CareVe20
Vernon Carey,8,28,RT,CareVe20
Vernon Carey,5,29,RT,CareVe20
Gabe Carimi,6,24,RT,CariGa00
Gabe Carimi,2,25,T,CariGa00
Gabe Carimi,4,26,RT,CariGa00
James Carpenter,3,22,RT,CarpJa00
Anthony Castonzo,4,23,LT,CastAn00
Anthony Castonzo,7,24,LT,CastAn00
Anthony Castonzo,9,25,LT,CastAn00
Anthony Castonzo,9,26,LT,CastAn00
Anthony Castonzo,6,27,LT,CastAn00
Anthony Castonzo,10,28,LT,CastAn00
Anthony Castonzo,6,29,LT,CastAn00
Anthony Castonzo,6,30,LT,CastAn00
Anthony Castonzo,8,31,LT,CastAn00
Anthony Castonzo,7,32,LT,CastAn00
Kirk Chambers,1,26,T,ChamKi20
Kirk Chambers,1,28,T,ChamKi20
Kirk Chambers,3,29,T,ChamKi20
Kirk Chambers,4,30,RT,ChamKi20
Gosder Cherilus,5,24,RT,CherGo20
Gosder Cherilus,6,25,RT,CherGo20
Gosder Cherilus,5,26,RT,CherGo20
Gosder Cherilus,9,27,RT,CherGo20
Gosder Cherilus,7,28,RT,CherGo20
Gosder Cherilus,9,29,RT,CherGo20
Gosder Cherilus,8,30,RT,CherGo20
Gosder Cherilus,6,31,RT,CherGo20
Gosder Cherilus,2,32,T,CherGo20
Geron Christian,2,23,T,ChriGe01
Geron Christian,3,25,LT,ChriGe01
Geron Christian,1,26,T,ChriGe01
Ryan Clady,14,22,LT,CladRy20
Ryan Clady,13,23,LT,CladRy20
Ryan Clady,7,24,LT,CladRy20
Ryan Clady,7,25,LT,CladRy20
Ryan Clady,17,26,LT,CladRy20
Ryan Clady,11,28,LT,CladRy20
Ryan Clady,3,30,LT,CladRy20
Le'Raven Clark,3,23,T,ClarLe01
Le'Raven Clark,3,25,T,ClarLe01
Le'Raven Clark,2,27,T,ClarLe01
Le'Raven Clark,1,29,T,ClarLe01
Jeromey Clary,3,24,RT,ClarJe20
Jeromey Clary,10,25,RT,ClarJe20
Jeromey Clary,6,26,RT,ClarJe20
Jeromey Clary,10,27,RT,ClarJe20
Jeromey Clary,9,28,RT,ClarJe20
Jeromey Clary,6,29,RT,ClarJe20
T.J. Clemmings,7,24,RT,ClemT.00
T.J. Clemmings,6,25,LT,ClemT.00
Shon Coleman,6,26,RT,ColeSh00
Anthony Collins,2,23,LT,CollAn21
Anthony Collins,3,24,RT,CollAn21
Anthony Collins,2,25,T,CollAn21
Anthony Collins,5,28,LT,CollAn21
Anthony Collins,4,29,LT,CollAn21
Marc Colombo,2,24,LT,ColoMa20
Marc Colombo,1,26,T,ColoMa20
Marc Colombo,10,28,RT,ColoMa20
Marc Colombo,8,29,RT,ColoMa20
Marc Colombo,8,30,RT,ColoMa20
Marc Colombo,4,31,RT,ColoMa20
Marc Colombo,7,32,RT,ColoMa20
Marc Colombo,8,33,RT,ColoMa20
Willie Colon,8,24,RT,ColoWi20
Willie Colon,8,25,RT,ColoWi20
Willie Colon,9,26,RT,ColoWi20
Tom Compton,1,24,T,CompTo00
Tom Compton,5,25,RT,CompTo00
Tom Compton,2,26,T,CompTo00
Tom Compton,2,27,T,CompTo00
Tom Compton,3,28,T,CompTo00
Tom Compton,4,32,RT,CompTo00
Ryan Cook,6,24,RT,CookRy20
Ryan Cook,6,25,RT,CookRy20
Oniel Cousins,2,26,T,CousOn00
Oniel Cousins,1,28,T,CousOn00
Oniel Cousins,2,29,T,CousOn00
Oniel Cousins,3,30,RT,CousOn00
Tyrell Crosby,2,23,T,CrosTy00
Tyrell Crosby,3,24,RT,CrosTy00
Tyrell Crosby,6,25,RT,CrosTy00
Julie'n Davenport,3,22,T,DaveJu00
Julie'n Davenport,7,23,LT,DaveJu00
Julie'n Davenport,3,24,LT,DaveJu00
Julie'n Davenport,1,25,T,DaveJu00
Julie'n Davenport,3,26,T,DaveJu00
Anthony Davis,7,21,RT,DaviAn27
Anthony Davis,8,22,RT,DaviAn27
Anthony Davis,8,23,RT,DaviAn27
Anthony Davis,8,24,RT,DaviAn27
David Diehl,7,24,RT,DiehDa21
David Diehl,8,27,LT,DiehDa21
David Diehl,13,28,LT,DiehDa21
David Diehl,11,29,LT,DiehDa21
David Diehl,6,30,LT,DiehDa21
David Diehl,8,31,LG/LT,DiehDa21
David Diehl,5,32,RT,DiehDa21
Andrew Donnal,2,24,T,DonnAn00
Nat Dorsey,5,21,RT,DorsNa20
Nat Dorsey,1,22,T,DorsNa20
Nat Dorsey,1,23,T,DorsNa20
Spencer Drango,4,25,LT,DranSp00
King Dunlap,4,25,RT,DunlKi20
King Dunlap,5,27,LT,DunlKi20
King Dunlap,7,28,LT,DunlKi20
King Dunlap,8,29,LT,DunlKi20
King Dunlap,6,31,LT,DunlKi20
Cameron Erving,2,23,T,ErviCa00
Cameron Erving,3,25,T,ErviCa00
Cameron Erving,5,27,LT,ErviCa00
Cameron Erving,4,29,LT,ErviCa00
Cameron Erving,1,30,T,ErviCa00
Trai Essex,1,24,T,EsseTr20
Trai Essex,3,29,T,EsseTr20
Bobby Evans,4,22,RT,EvanBo00
D'Brickashaw Ferguson,9,23,LT,FergDB20
D'Brickashaw Ferguson,7,24,LT,FergDB20
D'Brickashaw Ferguson,8,25,LT,FergDB20
D'Brickashaw Ferguson,8,26,LT,FergDB20
D'Brickashaw Ferguson,8,27,LT,FergDB20
D'Brickashaw Ferguson,8,28,LT,FergDB20
D'Brickashaw Ferguson,5,29,LT,FergDB20
D'Brickashaw Ferguson,5,30,LT,FergDB20
D'Brickashaw Ferguson,7,31,LT,FergDB20
D'Brickashaw Ferguson,8,32,LT,FergDB20
Eric Fisher,6,22,RT,FishEr00
Eric Fisher,8,23,LT,FishEr00
Eric Fisher,8,24,LT,FishEr00
Eric Fisher,6,25,LT,FishEr00
Eric Fisher,9,26,LT,FishEr00
Eric Fisher,13,27,LT,FishEr00
Eric Fisher,5,28,LT,FishEr00
Eric Fisher,11,29,LT,FishEr00
Eric Fisher,8,30,LT,FishEr00
Jake Fisher,2,22,T,FishJa00
Jake Fisher,3,23,T,FishJa00
Jake Fisher,3,24,RT,FishJa00
Jake Fisher,1,25,T,FishJa00
Ereck Flowers,8,21,LT,FlowEr00
Ereck Flowers,6,22,LT,FlowEr00
Ereck Flowers,5,23,LT,FlowEr00
Ereck Flowers,3,24,LT,FlowEr00
D.J. Fluker,9,22,RT,FlukDJ00
D.J. Fluker,8,23,RT,FlukDJ00
D.J. Fluker,2,26,T,FlukDJ00
D.J. Fluker,5,29,RT,FlukDJ00
George Foster,10,24,RT,FostGe20
George Foster,10,25,RT,FostGe20
George Foster,7,26,RT,FostGe20
George Foster,5,27,RT,FostGe20
Jason Fox,2,25,T,FoxxJa20
Jason Fox,2,26,T,FoxxJa20
Jason Fox,5,27,RT,FoxxJa20
Orlando Franklin,6,24,RT,FranOr00
Orlando Franklin,9,25,RT,FranOr00
Orlando Franklin,10,26,RT,FranOr00
Doug Free,4,25,RT,FreeDo20
Doug Free,8,26,LT,FreeDo20
Doug Free,9,27,LT,FreeDo20
Doug Free,8,28,RT,FreeDo20
Doug Free,9,29,RT,FreeDo20
Doug Free,5,30,RT,FreeDo20
Doug Free,6,31,RT,FreeDo20
Doug Free,8,32,RT,FreeDo20
Makoa Freitas,5,24,LT,FreiMa20
Makoa Freitas,2,25,T,FreiMa20
Jared Gaither,6,22,LT,GaitJa20
Jared Gaither,6,23,LT,GaitJa20
Jared Gaither,5,25,T,GaitJa20
Robert Gallery,8,24,RT,GallRo20
Robert Gallery,8,25,RT,GallRo20
Robert Gallery,2,26,LT,GallRo20
Nate Garner,2,26,T,GarnNa20
Nate Garner,3,27,T,GarnNa20
Nate Garner,1,29,T,GarnNa20
Breno Giacomini,3,26,RT,GiacBr20
Breno Giacomini,8,27,RT,GiacBr20
Breno Giacomini,5,28,RT,GiacBr20
Breno Giacomini,7,29,RT,GiacBr20
Breno Giacomini,8,30,RT,GiacBr20
Breno Giacomini,7,32,RT,GiacBr20
Marcus Gilbert,6,23,RT,GilbMa00
Marcus Gilbert,8,25,RT,GilbMa00
Marcus Gilbert,6,26,RT,GilbMa00
Marcus Gilbert,8,27,RT,GilbMa00
Marcus Gilbert,6,28,RT,GilbMa00
Garrett Gilkey,1,24,T,GilkGa00
Cordy Glenn,6,23,LT,GlenCo00
Cordy Glenn,7,24,LT,GlenCo00
Cordy Glenn,7,25,LT,GlenCo00
Cordy Glenn,7,26,LT,GlenCo00
Cordy Glenn,6,27,LT,GlenCo00
Cordy Glenn,7,29,LT,GlenCo00
Joaquin Gonzalez,1,23,T,GonzJo21
Joaquin Gonzalez,2,24,T,GonzJo21
Joaquin Gonzalez,5,25,RT,GonzJo21
Colby Gossett,1,26,T,GossCo00
John Greco,1,23,T,GrecJo20
John Greco,1,24,T,GrecJo20
John Greco,1,26,T,GrecJo20
Chaz Green,3,25,T,GreeCh02
Chaz Green,2,28,T,GreeCh02
Jordan Gross,7,23,RT,GrosJo20
Jordan Gross,8,24,LT,GrosJo20
Jordan Gross,9,25,RT,GrosJo20
Jordan Gross,6,26,LT,GrosJo20
Jordan Gross,6,27,RT,GrosJo20
Jordan Gross,15,28,LT,GrosJo20
Jordan Gross,4,29,LT,GrosJo20
Jordan Gross,6,30,LT,GrosJo20
Jordan Gross,8,31,LT,GrosJo20
Jordan Gross,8,32,LT,GrosJo20
Jordan Gross,9,33,LT,GrosJo20
Joe Haeg,9,23,RT,HaegJo00
Joe Haeg,6,24,RT,HaegJo00
Joe Haeg,4,25,T,HaegJo00
Joe Haeg,1,26,T,HaegJo00
Joe Haeg,3,27,T,HaegJo00
Joe Haeg,1,28,T,HaegJo00
Chris Hairston,4,22,LT,HairCh00
Chris Hairston,4,23,LT/RT,HairCh00
Chris Hairston,1,25,T,HairCh00
Chris Hairston,6,26,LT,HairCh00
Chris Hairston,3,27,LT,HairCh00
Kwame Harris,4,21,LT,HarrKw20
Kwame Harris,3,22,LT,HarrKw20
Kwame Harris,5,23,RT,HarrKw20
Kwame Harris,7,24,RT,HarrKw20
Kwame Harris,1,25,T,HarrKw20
Kwame Harris,4,26,LT,HarrKw20
Ryan Harris,1,22,T,HarrRy20
Ryan Harris,9,23,RT,HarrRy20
Ryan Harris,4,24,RT,HarrRy20
Ryan Harris,5,25,RT,HarrRy20
Ryan Harris,2,27,T,HarrRy20
Ryan Harris,2,28,T,HarrRy20
Ryan Harris,7,29,RT,HarrRy20
Ryan Harris,7,30,LT,HarrRy20
Bobby Hart,1,21,T,HartBo00
Bobby Hart,5,22,RT,HartBo00
Bobby Hart,3,23,T,HartBo00
Bobby Hart,8,24,RT,HartBo00
Bobby Hart,6,25,RT,HartBo00
Bobby Hart,5,26,RT,HartBo00
Bobby Hart,1,28,T,HartBo00
Jerald Hawkins,1,27,T,HawkJe00
Mario Henderson,2,24,LT,HendMa21
Mario Henderson,5,25,LT,HendMa21
Mario Henderson,4,26,LT,HendMa21
Seantrel Henderson,7,22,RT,HendSe00
Seantrel Henderson,5,23,RT,HendSe00
Todd Herremans,8,29,RT,HerrTo20
Todd Herremans,3,30,RT,HerrTo20
Todd Herremans,1,33,T,HerrTo20
Matt Hill,1,24,T,HillMa22
Matt Hill,2,25,T,HillMa22
Corey Hilliard,3,25,T,HillCo21
Corey Hilliard,2,26,T,HillCo21
Corey Hilliard,4,28,RT,HillCo21
Tony Hills,1,31,T,HillTo21
Tony Hills,1,32,T,HillTo21
Will Holden,1,28,T,HoldWi00
Lamar Holmes,8,24,LT,HolmLa00
Wayne Hunter,1,27,T,HuntWa20
Wayne Hunter,1,28,T,HuntWa20
Wayne Hunter,3,29,T,HuntWa20
Wayne Hunter,6,30,RT,HuntWa20
Wayne Hunter,3,31,T,HuntWa20
Ben Ijalana,5,27,RT/LT,IjalBe00
Ben Ijalana,1,28,T,IjalBe00
Ja'Wuan James,9,22,RT/LT,JameJa01
Ja'Wuan James,7,24,RT,JameJa01
Ja'Wuan James,3,25,RT,JameJa01
Ja'Wuan James,6,26,RT,JameJa01
John Jerry,2,33,LT,JerrJo20
Luke Joeckel,6,23,LT,JoecLu00
Luke Joeckel,7,24,LT,JoecLu00
Charlie Johnson,2,22,T,JohnCh23
Charlie Johnson,7,23,LT/RT,JohnCh23
Charlie Johnson,10,24,LG/LT,JohnCh23
Charlie Johnson,7,25,LT,JohnCh23
Charlie Johnson,8,26,LT,JohnCh23
Charlie Johnson,8,27,LT,JohnCh23
Marcus Johnson,3,22,RT,JohnMa20
Marcus Johnson,1,23,T,JohnMa20
Wesley Johnson,1,24,T,JohnWe00
Wesley Johnson,1,27,T,JohnWe00
Adrian Jones,1,23,T,JoneAd20
Adrian Jones,6,24,LT,JoneAd20
Adrian Jones,1,25,T,JoneAd20
Jamarco Jones,3,23,T,JoneJa08
Jamarco Jones,2,24,T,JoneJa08
Jamarco Jones,2,25,T,JoneJa08
Levi Jones,6,23,LT,JoneLe23
Levi Jones,9,24,LT,JoneLe23
Levi Jones,7,25,LT,JoneLe23
Levi Jones,9,26,LT,JoneLe23
Levi Jones,7,28,LT,JoneLe23
Levi Jones,3,29,LT,JoneLe23
Levi Jones,4,30,LT,JoneLe23
Winston Justice,8,25,RT,JustWi20
Winston Justice,7,26,RT,JustWi20
Winston Justice,5,28,RT,JustWi20
Nick Kaczur,7,26,LT,KaczNi20
Nick Kaczur,6,27,RT,KaczNi20
Nick Kaczur,10,28,RT,KaczNi20
Nick Kaczur,9,29,RT,KaczNi20
Nick Kaczur,8,30,RT,KaczNi20
Matt Kalil,9,23,LT,KaliMa00
Matt Kalil,7,24,LT,KaliMa00
Matt Kalil,7,25,LT,KaliMa00
Matt Kalil,7,26,LT,KaliMa00
Matt Kalil,7,28,LT,KaliMa00
Brandon Keith,3,26,RT,KeitBr20
Brandon Keith,5,27,RT,KeitBr20
Dennis Kelly,4,22,RT,KellDe00
Dennis Kelly,2,25,T,KellDe00
Dennis Kelly,4,26,T,KellDe00
Dennis Kelly,2,27,T,KellDe00
Dennis Kelly,3,28,RT,KellDe00
Dennis Kelly,3,29,T,KellDe00
Dennis Kelly,10,30,RT,KellDe00
Dennis Kelly,3,31,T,KellDe00
Dennis Kelly,2,32,T,KellDe00
Adam Koets,3,26,T,KoetAd20
Scott Kooistra,1,23,T,KooiSc20
Scott Kooistra,1,24,T,KooiSc20
Scott Kooistra,2,25,T,KooiSc20
Scott Kooistra,1,26,T,KooiSc20
Scott Kooistra,1,27,T,KooiSc20
Kyle Kosier,2,24,T,KosiKy20
Kyle Kosier,5,26,LT/RG,KosiKy20
Cyrus Kouandjio,2,22,T,KouaCy00
Cyrus Kouandjio,3,23,LT,KouaCy00
T.J. Lang,4,22,T,LangT.20
T.J. Lang,1,23,T,LangT.20
Taylor Lewan,3,23,LT,LewaTa00
Taylor Lewan,6,24,LT,LewaTa00
Taylor Lewan,10,25,LT,LewaTa00
Taylor Lewan,10,26,LT,LewaTa00
Taylor Lewan,9,27,LT,LewaTa00
Taylor Lewan,6,28,LT,LewaTa00
Taylor Lewan,7,30,LT,LewaTa00
Phil Loadholt,8,23,RT,LoadPh20
Phil Loadholt,6,24,RT,LoadPh20
Phil Loadholt,8,25,RT,LoadPh20
Phil Loadholt,7,26,RT,LoadPh20
Phil Loadholt,7,27,RT,LoadPh20
Phil Loadholt,5,28,RT,LoadPh20
Sean Locklear,1,23,T,LockSe20
Sean Locklear,8,24,RT,LockSe20
Sean Locklear,5,25,RT,LockSe20
Sean Locklear,8,26,RT,LockSe20
Sean Locklear,5,27,RT,LockSe20
Sean Locklear,4,28,LT,LockSe20
Sean Locklear,6,29,RT,LockSe20
Sean Locklear,2,30,T,LockSe20
Sean Locklear,6,31,RT,LockSe20
Jake Long,11,23,LT,LongJa20
Jake Long,13,24,LT,LongJa20
Jake Long,12,25,LT,LongJa20
Jake Long,9,26,LT,LongJa20
Jake Long,5,27,LT,LongJa20
Jake Long,7,28,LT,LongJa20
Kyle Long,11,27,RT,LongKy00
Daniel Loper,1,24,T,LopeDa20
Daniel Loper,1,25,T,LopeDa20
Daniel Loper,1,26,T,LopeDa20
Daniel Loper,3,28,T,LopeDa20
Lance Louis,5,26,RT,LouiLa20
Jonathan Martin,7,23,RT/LT,MartJo01
Jonathan Martin,5,25,RT,MartJo01
Bobby Massie,5,23,RT,MassBo00
Bobby Massie,1,24,T,MassBo00
Bobby Massie,7,25,RT,MassBo00
Bobby Massie,8,26,RT,MassBo00
Bobby Massie,6,27,RT,MassBo00
Bobby Massie,6,28,RT,MassBo00
Bobby Massie,7,29,RT,MassBo00
Bobby Massie,3,30,RT,MassBo00
Bobby Massie,4,31,RT,MassBo00
Bobby Massie,7,32,RT,MassBo00
Matt McCants,2,24,T,McCaMa00
Matt McCants,1,25,T,McCaMa00
Bryant McKinnie,4,23,LT,McKiBr21
Bryant McKinnie,10,24,LT,McKiBr21
Bryant McKinnie,11,25,LT,McKiBr21
Bryant McKinnie,7,26,LT,McKiBr21
Bryant McKinnie,6,27,LT,McKiBr21
Bryant McKinnie,6,28,LT,McKiBr21
Bryant McKinnie,5,29,LT,McKiBr21
Bryant McKinnie,12,30,LT,McKiBr21
Bryant McKinnie,6,31,LT,McKiBr21
Bryant McKinnie,7,32,LT,McKiBr21
Bryant McKinnie,1,33,T,McKiBr21
Bryant McKinnie,6,34,LT,McKiBr21
Marcus McNeill,13,23,LT,McNeMa20
Marcus McNeill,9,24,LT,McNeMa20
Marcus McNeill,9,25,LT,McNeMa20
Marcus McNeill,10,26,LT,McNeMa20
Marcus McNeill,7,27,LT,McNeMa20
Marcus McNeill,5,28,LT,McNeMa20
Pat McQuistan,1,24,T,McQuPa20
Pat McQuistan,1,25,T,McQuPa20
Pat McQuistan,1,28,T,McQuPa20
Paul McQuistan,3,24,RT,McQuPa21
Paul McQuistan,4,28,LT/LG,McQuPa21
Paul McQuistan,8,30,LT/LG,McQuPa21
Paul McQuistan,1,31,T,McQuPa21
Jamon Meredith,2,23,T,MereJa20
Jamon Meredith,2,29,T,MereJa20
Terrence Metcalf,1,24,T,MetcTe20
Jordan Mills,9,23,RT,MillJo02
Jordan Mills,6,24,RT,MillJo02
Jordan Mills,3,25,RT,MillJo02
Jordan Mills,9,26,RT,MillJo02
Jordan Mills,7,27,RT,MillJo02
Jordan Mills,5,28,RT,MillJo02
Jordan Mills,2,31,T,MillJo02
Jim Molinaro,1,23,T,MoliJi20
Tony Moll,2,24,T,MollTo20
Tony Moll,4,25,RG/RT,MollTo20
Tony Moll,3,27,T,MollTo20
Eugene Monroe,6,22,LT,MonrEu20
Eugene Monroe,8,23,LT,MonrEu20
Eugene Monroe,4,24,LT,MonrEu20
Eugene Monroe,6,25,LT,MonrEu20
Eugene Monroe,5,26,T,MonrEu20
Eugene Monroe,6,27,LT,MonrEu20
Brandon Mosley,1,25,T,MoslBr00
Brandon Mosley,1,26,T,MoslBr00
Lydon Murtha,2,25,T,MurtLy20
Marshall Newhouse,10,23,LT,NewhMa20
Marshall Newhouse,9,24,LT,NewhMa20
Marshall Newhouse,7,27,RT,NewhMa20
Marshall Newhouse,7,29,RT,NewhMa20
Marshall Newhouse,4,31,LT,NewhMa20
Derek Newton,1,24,T,NewtDe00
Derek Newton,6,25,RT,NewtDe00
Derek Newton,6,26,RT,NewtDe00
Derek Newton,8,27,RT,NewtDe00
Derek Newton,7,28,RT,NewtDe00
Ryan O'Callaghan,4,23,RT,OCalRy20
Ryan O'Callaghan,2,24,T,OCalRy20
Ryan O'Callaghan,5,26,RT,OCalRy20
Ryan O'Callaghan,1,27,T,OCalRy20
Cedric Ogbuehi,6,24,RT,OgbuCe00
Cedric Ogbuehi,5,25,LT,OgbuCe00
Cedric Ogbuehi,1,27,T,OgbuCe00
Cedric Ogbuehi,3,28,T,OgbuCe00
Michael Oher,8,23,RT,OherMi20
Michael Oher,8,24,LT,OherMi20
Michael Oher,7,25,RT,OherMi20
Michael Oher,7,26,LT,OherMi20
Michael Oher,7,27,RT,OherMi20
Michael Oher,4,28,RT,OherMi20
Michael Oher,7,29,LT,OherMi20
Quinn Ojinnaka,3,23,LT,OjinQu20
Russell Okung,4,22,LT,OkunRu20
Russell Okung,5,23,LT,OkunRu20
Russell Okung,10,24,LT,OkunRu20
Russell Okung,4,25,LT,OkunRu20
Russell Okung,8,26,LT,OkunRu20
Russell Okung,7,27,LT,OkunRu20
Russell Okung,6,28,LT,OkunRu20
Russell Okung,10,29,LT,OkunRu20
Russell Okung,8,30,LT,OkunRu20
Shane Olivea,10,23,RT,OlivSh20
Shane Olivea,9,24,RT,OlivSh20
Shane Olivea,10,25,RT,OlivSh20
Shane Olivea,4,26,RT,OlivSh20
Frank Omiyale,1,26,T,OmiyFr20
Frank Omiyale,7,28,LT,OmiyFr20
Frank Omiyale,2,29,T,OmiyFr20
Frank Omiyale,2,30,T,OmiyFr20
Kelechi Osemele,7,23,RT,OsemKe00
Jeff Otah,6,22,RT,OtahJe20
Jeff Otah,6,23,RT,OtahJe20
Michael Otto,1,26,T,OttoMi20
Michael Otto,1,27,T,OttoMi20
Michael Otto,2,28,T,OttoMi20
Michael Otto,2,30,T,OttoMi20
Kevin Pamphile,2,25,T,PampKe00
Tony Pashos,3,25,RT,PashTo20
Tony Pashos,7,26,RT,PashTo20
Tony Pashos,10,27,RT,PashTo20
Tony Pashos,8,28,RT,PashTo20
Tony Pashos,4,31,RT,PashTo20
Tony Pashos,4,33,RT,PashTo20
Mike Pearson,7,22,LT,PearMi20
Mike Pearson,8,23,LT,PearMi20
Terrance Pennington,4,23,RT,PennTe20
Rob Petitti,8,23,RT,PetiRo20
Chester Pitts,4,23,LT,PittCh20
Chester Pitts,6,24,LT,PittCh20
Chester Pitts,6,26,LT,PittCh20
Nate Potter,2,24,LT,PottNa00
Nate Potter,1,25,T,PottNa00
Jeremiah Poutasi,3,21,RT,PoutJe00
Justin Pugh,6,23,RT,PughJu00
Justin Pugh,7,24,RT,PughJu00
Justin Pugh,3,27,RT,PughJu00
Martinas Rankin,3,24,T,RankMa00
Jah Reid,1,23,T,ReidJa00
Jah Reid,1,25,T,ReidJa00
Jah Reid,5,27,RT,ReidJa00
Jah Reid,1,28,T,ReidJa00
Garrett Reynolds,2,27,T,ReynGa20
Barry Richardson,7,24,RT,RichBa20
Barry Richardson,5,25,RT,RichBa20
Barry Richardson,7,26,RT,RichBa20
Will Richardson,2,23,T,RichWi01
Will Richardson,1,24,T,RichWi01
Will Richardson,1,25,T,RichWi01
Corey Robinson,3,24,T,RobiCo00
Corey Robinson,3,25,T,RobiCo00
Greg Robinson,5,22,LT,RobiGr01
Greg Robinson,5,23,LT,RobiGr01
Greg Robinson,4,24,LT,RobiGr01
Greg Robinson,4,26,LT,RobiGr01
Greg Robinson,6,27,LT,RobiGr01
Jake Rodgers,1,28,T,RodgJa03
Michael Roos,7,23,RT,RoosMi20
Michael Roos,7,24,LT,RoosMi20
Michael Roos,7,25,LT,RoosMi20
Michael Roos,13,26,LT,RoosMi20
Michael Roos,12,27,LT,RoosMi20
Michael Roos,8,28,LT,RoosMi20
Michael Roos,7,29,LT,RoosMi20
Michael Roos,6,30,LT,RoosMi20
Michael Roos,8,31,LT,RoosMi20
Rodger Saffold,6,22,LT,SaffRo20
Rodger Saffold,2,23,LT,SaffRo20
Rodger Saffold,4,24,LT,SaffRo20
Ty Sambrailo,2,24,T,SambTy00
Ty Sambrailo,2,25,T,SambTy00
Ty Sambrailo,4,26,T,SambTy00
Ty Sambrailo,1,27,T,SambTy00
Ty Sambrailo,4,28,LT,SambTy00
Michael Schofield,6,25,RT,SchoMi00
Michael Schofield,3,27,RT,SchoMi00
Michael Schofield,2,30,T,SchoMi00
Geoff Schwartz,5,24,RG/RT,SchwGe20
Mitchell Schwartz,7,23,RT,SchwMi00
Mitchell Schwartz,6,24,RT,SchwMi00
Mitchell Schwartz,6,25,RT,SchwMi00
Mitchell Schwartz,6,26,RT,SchwMi00
Mitchell Schwartz,10,27,RT,SchwMi00
Mitchell Schwartz,15,28,RT,SchwMi00
Mitchell Schwartz,19,29,RT,SchwMi00
Mitchell Schwartz,15,30,RT,SchwMi00
Jonathan Scott,3,23,T,ScotJo22
Jonathan Scott,3,26,LT,ScotJo22
Jonathan Scott,5,27,LT,ScotJo22
Jonathan Scott,3,28,LT,ScotJo22
Jonathan Scott,3,29,RT,ScotJo22
Greg Senat,1,26,T,SenaGr00
Kevin Shaffer,4,23,LT,ShafKe20
Kevin Shaffer,7,24,LT,ShafKe20
Kevin Shaffer,8,25,LT,ShafKe20
Kevin Shaffer,5,26,LT,ShafKe20
Kevin Shaffer,8,27,RT,ShafKe20
Kevin Shaffer,5,28,RT,ShafKe20
Kevin Shaffer,3,29,RT,ShafKe20
Kevin Shaffer,2,30,T,ShafKe20
Brandon Shell,2,24,T,ShelBr00
Brandon Shell,5,25,RT,ShelBr00
Brandon Shell,5,26,RT,ShelBr00
Brandon Shell,4,27,RT,ShelBr00
Brandon Shell,6,28,RT,ShelBr00
Brandon Shell,5,29,RT,ShelBr00
Austin Shepherd,1,23,T,ShepAu00
Derek Sherrod,1,25,T,SherDe00
Andre Smith,6,24,RT,SmitAn23
Andre Smith,8,25,RT,SmitAn23
Andre Smith,8,26,RT,SmitAn23
Andre Smith,4,27,RT,SmitAn23
Andre Smith,8,28,RT,SmitAn23
Andre Smith,4,30,RT,SmitAn23
Andre Smith,3,31,T,SmitAn23
Jason Smith,1,23,RT,SmitJa22
Jason Smith,6,24,RT,SmitJa22
Jason Smith,1,26,T,SmitJa22
Wade Smith,7,22,LT,SmitWa21
Wade Smith,1,26,T,SmitWa21
Adam Snyder,3,23,LT,SnydAd20
Adam Snyder,4,25,LT,SnydAd20
Adam Snyder,7,27,RT,SnydAd20
Nate Solder,8,23,RT,SoldNa00
Nate Solder,11,24,LT,SoldNa00
Nate Solder,8,25,LT,SoldNa00
Nate Solder,9,26,LT,SoldNa00
Nate Solder,8,28,LT,SoldNa00
Nate Solder,10,29,LT,SoldNa00
Nate Solder,8,30,LT,SoldNa00
Nate Solder,8,31,LT,SoldNa00
Nate Solder,6,33,RT,SoldNa00
Isaac Sowells,1,26,T,SoweIs20
Jason Spriggs,3,22,T,SpriJa00
Jason Spriggs,2,24,T,SpriJa00
Jason Spriggs,1,26,T,SpriJa00
Jason Spriggs,1,27,T,SpriJa00
Joe Staley,5,23,RT,StalJo20
Joe Staley,8,24,LT,StalJo20
Joe Staley,4,25,LT,StalJo20
Joe Staley,4,26,LT,StalJo20
Joe Staley,13,27,LT,StalJo20
Joe Staley,13,28,LT,StalJo20
Joe Staley,13,29,LT,StalJo20
Joe Staley,10,30,LT,StalJo20
Joe Staley,8,31,LT,StalJo20
Joe Staley,5,32,LT,StalJo20
Joe Staley,10,33,LT,StalJo20
Joe Staley,7,34,LT,StalJo20
Max Starks,1,22,T,StarMa21
Max Starks,9,23,RT,StarMa21
Max Starks,7,24,RT,StarMa21
Max Starks,3,25,T,StarMa21
Max Starks,6,26,LT,StarMa21
Max Starks,9,27,LT,StarMa21
Max Starks,5,29,LT,StarMa21
Max Starks,7,30,LT,StarMa21
Donald Stephenson,3,24,LT,StepDo00
Donald Stephenson,4,25,RT,StepDo00
Donald Stephenson,1,26,T,StepDo00
Donald Stephenson,5,27,LT,StepDo00
Donald Stephenson,5,28,RT,StepDo00
David Stewart,6,24,RT,StewDa21
David Stewart,7,25,RT,StewDa21
David Stewart,11,26,RT,StewDa21
David Stewart,7,27,RT,StewDa21
David Stewart,8,28,RT,StewDa21
David Stewart,7,29,RT,StewDa21
David Stewart,5,30,RT,StewDa21
David Stewart,6,31,RT,StewDa21
Jon Stinchcomb,8,27,RT,StinJo20
Jon Stinchcomb,9,28,RT,StinJo20
Jon Stinchcomb,11,29,RT,StinJo20
Jon Stinchcomb,12,30,RT,StinJo20
Jon Stinchcomb,8,31,RT,StinJo20
Byron Stingily,2,26,RT,StinBy00
Zach Strief,7,28,RT,StriZa20
Zach Strief,6,29,RT,StriZa20
Zach Strief,8,30,RT,StriZa20
Zach Strief,9,31,RT,StriZa20
Zach Strief,9,32,RT,StriZa20
Zach Strief,10,33,RT,StriZa20
Will Svitek,2,25,T,SvitWi20
Will Svitek,2,27,T,SvitWi20
Will Svitek,1,28,T,SvitWi20
Will Svitek,7,29,LT,SvitWi20
Will Svitek,2,31,T,SvitWi20
Herbert Taylor,1,24,T,TaylHe21
Adam Terry,2,24,T,TerrAd20
Adam Terry,4,25,LT,TerrAd20
Adam Terry,3,26,RT,TerrAd20
Sam Tevi,2,23,T,TeviSa00
Sam Tevi,8,24,RT,TeviSa00
Sam Tevi,7,25,RT,TeviSa00
Sam Tevi,7,26,LT,TeviSa00
Dallas Thomas,6,25,RT,ThomDa04
Joe Thomas,11,23,LT,ThomJo28
Joe Thomas,9,24,LT,ThomJo28
Joe Thomas,9,25,LT,ThomJo28
Joe Thomas,12,26,LT,ThomJo28
Joe Thomas,11,27,LT,ThomJo28
Joe Thomas,11,28,LT,ThomJo28
Joe Thomas,11,29,LT,ThomJo28
Joe Thomas,12,30,LT,ThomJo28
Joe Thomas,12,31,LT,ThomJo28
Joe Thomas,8,32,LT,ThomJo28
Cole Toner,2,26,T,ToneCo00
J.C. Tretter,1,23,T,TretJC00
J.C. Tretter,2,24,T,TretJC00
Jeremy Trueblood,4,23,RT,TrueJe20
Jeremy Trueblood,8,24,RT,TrueJe20
Jeremy Trueblood,7,25,RT,TrueJe20
Jeremy Trueblood,5,26,RT,TrueJe20
Jeremy Trueblood,4,27,RT,TrueJe20
Jeremy Trueblood,6,28,RT,TrueJe20
Jeremy Trueblood,1,29,T,TrueJe20
Jeremy Trueblood,5,30,RT,TrueJe20
Tony Ugoh,7,24,LT,UgohTo20
Tony Ugoh,7,25,LT,UgohTo20
Tony Ugoh,3,26,T,UgohTo20
Courtney Van Buren,3,23,RT,VanBCo20
Louis Vasquez,9,27,RT/RG,VasqLo20
Jared Veldheer,6,23,LT,VeldJa20
Jared Veldheer,8,24,LT,VeldJa20
Jared Veldheer,7,25,LT,VeldJa20
Jared Veldheer,7,27,LT,VeldJa20
Jared Veldheer,9,28,LT,VeldJa20
Jared Veldheer,4,29,LT,VeldJa20
Jared Veldheer,5,30,RT,VeldJa20
Jared Veldheer,5,31,RT,VeldJa20
Sebastian Vollmer,5,25,LT,VollSe20
Sebastian Vollmer,18,26,RT,VollSe20
Sebastian Vollmer,10,28,RT,VollSe20
Sebastian Vollmer,4,29,RT,VollSe20
Sebastian Vollmer,9,30,RT,VollSe20
Sebastian Vollmer,8,31,LT/RT,VollSe20
Ricky Wagner,2,24,T,WagnRi00
Ricky Wagner,9,25,RT,WagnRi00
Ricky Wagner,7,26,RT,WagnRi00
Ricky Wagner,6,27,RT,WagnRi00
Ricky Wagner,6,28,RT,WagnRi00
Ricky Wagner,7,29,RT,WagnRi00
Ricky Wagner,5,30,RT,WagnRi00
Ricky Wagner,6,31,RT,WagnRi00
Langston Walker,2,23,T,WalkLa20
Langston Walker,4,24,RT,WalkLa20
Langston Walker,2,25,T,WalkLa20
Langston Walker,4,27,RT,WalkLa20
Langston Walker,6,28,RT,WalkLa20
Langston Walker,7,29,RT,WalkLa20
Langston Walker,7,31,RT,WalkLa20
Seth Wand,2,24,T,WandSe20
Seth Wand,7,25,LT,WandSe20
Seth Wand,1,26,T,WandSe20
Menelik Watson,3,26,RT,WatsMe00
Menelik Watson,3,28,RT,WatsMe00
J'Marcus Webb,5,22,RT,WebbJM20
J'Marcus Webb,6,23,LT,WebbJM20
J'Marcus Webb,7,24,LT,WebbJM20
J'Marcus Webb,1,25,T,WebbJM20
J'Marcus Webb,2,28,T,WebbJM20
J'Marcus Webb,4,31,LT,WebbJM20
Thomas Welch,1,24,T,WelcTh20
Thomas Welch,1,26,T,WelcTh20
Reggie Wells,1,23,T,WellRe20
Reggie Wells,8,26,RT/LG,WellRe20
Travelle Wharton,9,24,LT,WharTr20
Travelle Wharton,6,26,LT,WharTr20
Travelle Wharton,7,28,LG/LT,WharTr20
Guy Whimper,5,28,RT,WhimGu20
Guy Whimper,3,29,RT,WhimGu20
Andrew Whitworth,7,25,LT,WhitAn20
Andrew Whitworth,7,28,LT,WhitAn20
Andrew Whitworth,8,29,LT,WhitAn20
Andrew Whitworth,7,30,LT,WhitAn20
Andrew Whitworth,10,31,LT,WhitAn20
Andrew Whitworth,8,32,LT,WhitAn20
Andrew Whitworth,12,33,LT,WhitAn20
Andrew Whitworth,16,34,LT,WhitAn20
Andrew Whitworth,9,35,LT,WhitAn20
Andrew Whitworth,14,36,LT,WhitAn20
Andrew Whitworth,11,37,LT,WhitAn20
Andrew Whitworth,8,38,LT,WhitAn20
Andrew Whitworth,4,39,LT,WhitAn20
Andrew Whitworth,9,40,LT,WhitAn20
Chris Williams,1,23,T,WillCh03
Chris Williams,8,24,RT/LT,WillCh03
Daryl Williams,2,23,T,WillDa06
Daryl Williams,4,24,RT,WillDa06
Daryl Williams,12,25,RT,WillDa06
Daryl Williams,5,27,LG/LT,WillDa06
Daryl Williams,9,28,RT,WillDa06
Daryl Williams,10,29,RG/RT,WillDa06
Mike Williams,7,22,RT,WillMi22
Mike Williams,5,23,RT,WillMi22
Mike Williams,7,24,RT,WillMi22
Mike Williams,3,25,RT,WillMi22
Ray Willis,4,26,RT/LT,WillRa22
Ray Willis,6,27,RT,WillRa22
Eric Winston,3,23,RT,WinsEr20
Eric Winston,9,24,RT,WinsEr20
Eric Winston,8,25,RT,WinsEr20
Eric Winston,8,26,RT,WinsEr20
Eric Winston,10,27,RT,WinsEr20
Eric Winston,8,28,RT,WinsEr20
Eric Winston,5,29,RT,WinsEr20
Eric Winston,7,30,RT,WinsEr20
Eric Winston,2,32,T,WinsEr20
Eric Winston,2,33,T,WinsEr20
Eric Winston,1,34,T,WinsEr20
Mansfield Wrotto,3,26,RT,WrotMa20
Marshal Yanda,5,23,RT,YandMa20
Marshal Yanda,8,26,RT,YandMa20
Sam Young,3,25,T,YounSa21
Sam Young,1,26,T,YounSa21
Sam Young,2,27,RT,YounSa21
Sam Young,3,28,T,YounSa21
Sam Young,1,29,T,YounSa21
Sam Young,3,30,RT,YounSa21
Sam Young,1,31,T,YounSa21
Sam Young,4,33,RT,YounSa21
