Player,AV,Age,Pos,-9999
Hamza Abdullah,3,24,SS,AbduHa20
Nasir Adderley,5,23,FS,AddeNa00
Nasir Adderley,4,24,FS,AddeNa00
Nasir Adderley,5,25,S,AddeNa00
Al Afalava,4,22,SS,AfalAl99
Gerald Alexander,6,23,FS,AlexGe99
Gerald Alexander,4,25,SS,AlexGe99
Maurice Alexander,3,24,SS,AlexMa00
Maurice Alexander,5,25,FS,AlexMa00
Jay Alford,1,24,LS,AlfoJa99
Jay Alford,3,25,LS,AlfoJa99
Antonio Allen,4,25,SS,AlleAn02
Jason Allen,3,24,SS,AlleJa23
Nate Allen,5,23,FS,AlleNa99
Nate Allen,5,24,FS,AlleNa99
Nate Allen,5,25,SS,AlleNa99
Nate Allen,7,26,SS,AlleNa99
Nate Allen,6,27,SS,AlleNa99
Ricardo Allen,6,24,SS,AlleRi00
Ricardo Allen,5,25,SS,AlleRi00
Ricardo Allen,6,26,SS,AlleRi00
Ricardo Allen,5,28,SS,AlleRi00
Ricardo Allen,4,29,SS,AlleRi00
Will Allen,4,23,FS,AlleWi21
Will Allen,5,24,FS,AlleWi21
Will Allen,4,30,SS,AlleWi21
Will Allen,5,33,SS,AlleWi21
David Amerson,3,22,SS,AmerDa00
Marques Anderson,7,23,SS,AndeMa22
Marques Anderson,4,24,SS,AndeMa22
Marques Anderson,4,25,SS,AndeMa22
O.J. Atogwe,6,25,FS,AtogO.20
O.J. Atogwe,7,26,FS,AtogO.20
O.J. Atogwe,7,27,FS,AtogO.20
O.J. Atogwe,5,28,FS,AtogO.20
O.J. Atogwe,8,29,FS,AtogO.20
O.J. Atogwe,4,30,FS,AtogO.20
Alan Ball,5,25,FS,BallAl99
Dominique Barber,3,23,FS,BarbDo99
Mark Barron,5,23,SS,BarrMa00
Mark Barron,4,24,SS,BarrMa00
Yeremiah Bell,4,28,SS,BellYe20
Yeremiah Bell,6,30,SS,BellYe20
Yeremiah Bell,8,31,FS,BellYe20
Yeremiah Bell,6,32,SS,BellYe20
Yeremiah Bell,7,33,SS,BellYe20
Yeremiah Bell,7,34,FS,BellYe20
Yeremiah Bell,6,35,SS,BellYe20
Eric Berry,11,22,SS,BerrEr99
Eric Berry,7,24,SS,BerrEr99
Eric Berry,12,25,SS,BerrEr99
Eric Berry,10,27,FS,BerrEr99
Eric Berry,13,28,SS,BerrEr99
Antoine Bethea,5,22,SS,BethAn20
Antoine Bethea,9,23,FS,BethAn20
Antoine Bethea,7,24,FS,BethAn20
Antoine Bethea,8,25,FS,BethAn20
Antoine Bethea,5,26,FS,BethAn20
Antoine Bethea,5,27,FS,BethAn20
Antoine Bethea,6,28,FS,BethAn20
Antoine Bethea,7,29,SS,BethAn20
Antoine Bethea,10,30,SS,BethAn20
Antoine Bethea,6,32,SS,BethAn20
Antoine Bethea,5,34,FS,BethAn20
Antoine Bethea,6,35,FS,BethAn20
Terreal Bierria,5,24,SS,BierTe20
Will Blackmon,2,32,FS,BlacWi20
Robert Blanton,5,25,SS,BlanRo00
Tre Boston,3,22,FS,BostTr00
Tre Boston,5,24,FS,BostTr00
Tre Boston,7,25,FS,BostTr00
Tre Boston,5,27,FS,BostTr00
Tre Boston,6,28,FS,BostTr00
Michael Boulware,8,24,SS,BoulMi20
Michael Boulware,4,25,SS,BoulMi20
Michael Boulware,1,26,S,BoulMi20
Hunter Bradley,1,24,LS,BradHu00
Hunter Bradley,1,25,LS,BradHu00
Hunter Bradley,1,26,LS,BradHu00
Colin Branch,5,24,FS,BranCo20
Tyvon Branch,6,23,SS,BranTy99
Tyvon Branch,6,24,SS,BranTy99
Tyvon Branch,5,25,SS,BranTy99
Tyvon Branch,5,26,SS,BranTy99
Tyvon Branch,3,31,SS,BranTy99
Sam Brandon,5,24,FS,BranSa20
Antoine Brooks Jr.,1,23,S,BrooAn00
C.C. Brown,4,22,SS/FS,BrowC.20
C.C. Brown,5,23,FS,BrowC.20
C.C. Brown,5,24,SS,BrowC.20
C.C. Brown,3,26,FS,BrowC.20
C.C. Brown,3,27,SS,BrowC.20
Stevie Brown,6,25,SS,BrowSt99
Stevie Brown,3,27,FS,BrowSt99
Deone Bucannon,4,22,SS,BucaDe00
Daniel Bullocks,3,23,SS,BullDa20
Daniel Bullocks,4,25,SS,BullDa20
Josh Bullocks,5,22,FS,BullJo20
Josh Bullocks,7,23,FS,BullJo20
Josh Bullocks,5,24,FS,BullJo20
Josh Bullocks,3,25,FS,BullJo20
Morgan Burnett,5,22,FS,BurnMo99
Morgan Burnett,6,23,SS/FS,BurnMo99
Morgan Burnett,5,24,SS,BurnMo99
Morgan Burnett,5,25,SS,BurnMo99
Morgan Burnett,4,26,SS,BurnMo99
Morgan Burnett,5,27,SS,BurnMo99
Morgan Burnett,3,28,SS,BurnMo99
Morgan Burnett,3,30,FS,BurnMo99
Juston Burris,4,27,SS,BurrJu00
Juston Burris,3,28,SS,BurrJu00
Darius Butler,4,30,FS,ButlDa99
Jairus Byrd,8,23,FS,ByrdJa99
Jairus Byrd,5,24,FS,ByrdJa99
Jairus Byrd,5,25,FS,ByrdJa99
Jairus Byrd,9,26,FS,ByrdJa99
Jairus Byrd,7,27,FS,ByrdJa99
Jairus Byrd,3,29,FS,ByrdJa99
Jairus Byrd,5,30,FS,ByrdJa99
Ibraheim Campbell,3,24,SS,CampIb00
Don Carey,3,23,FS,CareDo00
Don Carey,3,25,SS,CareDo00
Brandon Carr,5,33,RCB/FS,CarrBr99
T.J. Carrie,4,25,FS/RCB,CarrTr00
Quinton Carter,4,23,FS,CartQu01
Kam Chancellor,10,23,SS,ChanKa99
Kam Chancellor,7,24,SS,ChanKa99
Kam Chancellor,12,25,SS,ChanKa99
Kam Chancellor,10,26,SS,ChanKa99
Kam Chancellor,8,27,SS,ChanKa99
Kam Chancellor,4,28,SS,ChanKa99
Kam Chancellor,3,29,SS,ChanKa99
Patrick Chung,4,23,SS,ChunPa99
Patrick Chung,3,24,FS,ChunPa99
Patrick Chung,3,25,FS,ChunPa99
Patrick Chung,4,26,FS,ChunPa99
Patrick Chung,5,27,SS,ChunPa99
Patrick Chung,5,28,SS,ChunPa99
Patrick Chung,6,29,SS,ChunPa99
Patrick Chung,5,30,SS,ChunPa99
Patrick Chung,5,31,SS,ChunPa99
Patrick Chung,6,32,SS,ChunPa99
Chris Clemons,5,25,FS,ClemCh97
Chris Clemons,7,27,SS,ClemCh97
Chris Clemons,6,28,SS,ClemCh97
Ha Ha Clinton-Dix,4,22,FS,ClinHa00
Ha Ha Clinton-Dix,6,23,FS,ClinHa00
Ha Ha Clinton-Dix,9,24,FS,ClinHa00
Ha Ha Clinton-Dix,5,25,FS,ClinHa00
Ha Ha Clinton-Dix,6,26,SS,ClinHa00
Ha Ha Clinton-Dix,8,27,FS,ClinHa00
Erik Coleman,9,22,FS,ColeEr21
Erik Coleman,5,23,SS,ColeEr21
Erik Coleman,5,24,SS,ColeEr21
Erik Coleman,6,26,FS,ColeEr21
Erik Coleman,6,27,SS,ColeEr21
Erik Coleman,3,30,SS,ColeEr21
Kurt Coleman,6,23,SS,ColeKu99
Kurt Coleman,5,24,FS,ColeKu99
Kurt Coleman,7,27,FS,ColeKu99
Kurt Coleman,7,28,SS,ColeKu99
Kurt Coleman,4,29,FS,ColeKu99
Kurt Coleman,3,30,SS,ColeKu99
Landon Collins,5,21,FS,CollLa00
Landon Collins,14,22,SS,CollLa00
Landon Collins,8,23,SS,CollLa00
Landon Collins,6,24,SS,CollLa00
Landon Collins,5,25,SS,CollLa00
Landon Collins,5,27,SS,CollLa00
Nick Collins,7,22,FS,CollNi20
Nick Collins,6,23,FS,CollNi20
Nick Collins,5,24,FS,CollNi20
Nick Collins,11,25,FS,CollNi20
Nick Collins,11,26,FS,CollNi20
Nick Collins,12,27,FS,CollNi20
Sean Considine,5,24,SS,ConsSe20
Sean Considine,4,25,SS,ConsSe20
Sean Considine,3,27,SS,ConsSe20
Sean Considine,2,28,FS,ConsSe20
Chris Conte,4,22,FS,ContCh00
Chris Conte,6,23,FS,ContCh00
Chris Conte,5,24,FS,ContCh00
Chris Conte,4,25,FS,ContCh00
Chris Conte,4,26,SS,ContCh00
Chris Conte,5,27,SS,ContCh00
Chris Conte,4,28,SS,ContCh00
Chris Crocker,3,24,FS,CrocCh20
Chris Crocker,7,25,SS,CrocCh20
Chris Crocker,7,26,FS,CrocCh20
Chris Crocker,6,27,FS,CrocCh20
Chris Crocker,3,28,SS/FS,CrocCh20
Chris Crocker,6,29,FS,CrocCh20
Chris Crocker,3,30,FS,CrocCh20
Chris Crocker,7,31,SS,CrocCh20
Chris Crocker,5,32,SS,CrocCh20
Austin Cutting,1,23,LS,CuttAu00
Johnathan Cyprien,5,23,SS,CyprJo00
Johnathan Cyprien,6,24,SS,CyprJo00
Johnathan Cyprien,5,25,SS,CyprJo00
Johnathan Cyprien,7,26,SS,CyprJo00
Johnathan Cyprien,4,27,SS,CyprJo00
Sean Davis,5,23,SS,DaviSe00
Sean Davis,6,24,SS,DaviSe00
Sean Davis,6,25,FS,DaviSe00
Thomas DeCoud,7,24,FS,DeCoTh99
Thomas DeCoud,6,25,FS,DeCoTh99
Thomas DeCoud,7,26,FS,DeCoTh99
Thomas DeCoud,11,27,FS,DeCoTh99
Thomas DeCoud,5,28,FS,DeCoTh99
Thomas DeCoud,4,29,FS,DeCoTh99
Louis Delmas,5,22,FS,DelmLo99
Louis Delmas,5,23,FS,DelmLo99
Louis Delmas,5,24,FS,DelmLo99
Louis Delmas,3,25,FS,DelmLo99
Louis Delmas,6,26,FS,DelmLo99
Louis Delmas,4,27,SS,DelmLo99
Quintin Demps,4,29,FS,DempQu99
Quintin Demps,6,30,SS,DempQu99
Quintin Demps,5,31,SS,DempQu99
Zak DeOssie,1,25,LS,DeOsZa99
Zak DeOssie,4,26,LS,DeOsZa99
Zak DeOssie,2,27,LS,DeOsZa99
Zak DeOssie,2,28,LS,DeOsZa99
Zak DeOssie,3,29,LS,DeOsZa99
Zak DeOssie,2,30,LS,DeOsZa99
Zak DeOssie,1,31,LS,DeOsZa99
Zak DeOssie,2,32,LS,DeOsZa99
Zak DeOssie,2,33,LS,DeOsZa99
Zak DeOssie,2,34,LS,DeOsZa99
Zak DeOssie,1,35,LS,DeOsZa99
Mike Doss,6,22,SS,DossMi20
Mike Doss,3,23,SS,DossMi20
Mike Doss,6,24,SS,DossMi20
Reed Doughty,3,25,FS,DougRe20
Reed Doughty,4,27,SS,DougRe20
Reed Doughty,4,28,SS,DougRe20
Reed Doughty,4,29,SS/FS,DougRe20
Reed Doughty,3,30,SS,DougRe20
Reed Doughty,3,31,SS,DougRe20
Glenn Earl,3,23,SS,EarlGl20
Glenn Earl,2,24,SS,EarlGl20
Glenn Earl,5,25,SS,EarlGl20
Matt Elam,7,22,FS,ElamMa00
Matt Elam,4,23,SS,ElamMa00
Kevin Ellison,4,22,SS,ElliKe98
Ben Emanuel,3,23,SS,EmanBe20
Josh Evans,4,22,FS,EvanJo00
Josh Evans,6,23,FS,EvanJo00
Josh Evans,4,24,FS,EvanJo00
Antone Exum,3,27,FS,ExumAn00
Clayton Fejedelem,3,24,SS,FejeCl00
Clayton Fejedelem,1,29,S,FejeCl00
Domonique Foxworth,3,23,SS,FoxwDo20
Domonique Foxworth,2,24,FS,FoxwDo20
Clayton Geathers,3,24,FS,GeatCl00
Clayton Geathers,4,26,SS,GeatCl00
Clayton Geathers,4,27,SS,GeatCl00
Marcus Gilchrist,6,25,SS,GilcMa00
Marcus Gilchrist,6,26,SS,GilcMa00
Marcus Gilchrist,7,27,FS,GilcMa00
Marcus Gilchrist,5,28,FS,GilcMa00
Marcus Gilchrist,4,29,SS,GilcMa00
Marcus Gilchrist,5,30,SS,GilcMa00
Matt Giordano,4,29,FS,GiorMa20
Matt Giordano,5,30,FS,GiorMa20
Charles Godfrey,7,23,FS,GodfCh99
Charles Godfrey,4,24,FS,GodfCh99
Charles Godfrey,6,25,SS,GodfCh99
Charles Godfrey,4,26,SS,GodfCh99
Charles Godfrey,7,27,SS,GodfCh99
Dashon Goldson,8,25,FS,GoldDa99
Dashon Goldson,6,26,FS,GoldDa99
Dashon Goldson,8,27,FS,GoldDa99
Dashon Goldson,9,28,FS,GoldDa99
Dashon Goldson,3,29,FS,GoldDa99
Dashon Goldson,5,30,FS,GoldDa99
Dashon Goldson,6,31,FS,GoldDa99
DeJon Gomes,2,22,FS,GomeDe00
Corey Graham,7,30,SS,GrahCo99
Corey Graham,4,31,FS,GrahCo99
Corey Graham,4,33,SS,GrahCo99
Jeff Grau,2,23,LS,GrauJe20
Jeff Grau,2,24,LS,GrauJe20
Bobby Gray,4,25,SS,GrayBo20
T.J. Green,3,22,FS,GreeT.00
Courtney Greene,4,24,SS,GreeCo99
Michael Griffin,5,22,FS,GrifMi99
Michael Griffin,12,23,FS,GrifMi99
Michael Griffin,5,24,FS,GrifMi99
Michael Griffin,11,25,FS,GrifMi99
Michael Griffin,8,26,FS,GrifMi99
Michael Griffin,6,27,FS/SS,GrifMi99
Michael Griffin,5,28,FS,GrifMi99
Michael Griffin,6,29,FS,GrifMi99
Michael Griffin,5,30,FS,GrifMi99
Michael Griffin,3,31,FS,GrifMi99
Cody Grimm,4,23,FS,GrimCo99
Andre Hal,6,23,FS,HalxAn00
Andre Hal,4,24,FS,HalxAn00
Andre Hal,5,25,FS,HalxAn00
DeAngelo Hall,3,32,SS,HallDe99
Ken Hamlin,6,22,FS,HamlKe20
Ken Hamlin,7,23,FS,HamlKe20
Ken Hamlin,7,25,FS,HamlKe20
Ken Hamlin,8,26,FS,HamlKe20
Ken Hamlin,6,27,FS,HamlKe20
Ken Hamlin,5,28,FS,HamlKe20
Roman Harper,7,25,SS,HarpRo21
Roman Harper,6,26,SS,HarpRo21
Roman Harper,7,27,SS,HarpRo21
Roman Harper,9,28,SS,HarpRo21
Roman Harper,7,29,SS,HarpRo21
Roman Harper,5,30,SS,HarpRo21
Roman Harper,3,31,SS,HarpRo21
Roman Harper,7,32,SS,HarpRo21
Roman Harper,6,33,SS,HarpRo21
Chris Harris,6,23,FS,HarrCh20
Chris Harris,3,24,SS,HarrCh20
Chris Harris,7,25,SS,HarrCh20
Chris Harris,7,26,SS,HarrCh20
Chris Harris,6,27,SS,HarrCh20
Chris Harris,11,28,FS,HarrCh20
Chris Harris,2,29,FS,HarrCh20
Clark Harris,1,25,LS,HarrCl20
Clark Harris,1,26,LS,HarrCl20
Clark Harris,1,27,LS,HarrCl20
Clark Harris,1,28,LS,HarrCl20
Clark Harris,1,29,LS,HarrCl20
Clark Harris,1,30,LS,HarrCl20
Clark Harris,1,31,LS,HarrCl20
Clark Harris,1,32,LS,HarrCl20
Clark Harris,3,33,LS,HarrCl20
Clark Harris,1,34,LS,HarrCl20
Clark Harris,1,35,LS,HarrCl20
Clark Harris,1,36,LS,HarrCl20
Marcell Harris,2,24,SS,HarrMa03
Victor Harris,3,23,FS,HarrVi99
Brandon Harrison,2,23,SS,HarrBr99
Terrence Holt,4,25,FS,HoltTe20
Terrence Holt,6,26,FS,HoltTe20
Terrence Holt,5,27,FS,HoltTe20
Chris Hope,7,24,FS,HopeCh21
Chris Hope,7,25,FS,HopeCh21
Chris Hope,6,26,SS,HopeCh21
Chris Hope,5,27,SS,HopeCh21
Chris Hope,11,28,SS,HopeCh21
Chris Hope,5,29,SS,HopeCh21
Chris Hope,6,30,SS,HopeCh21
Chris Horton,6,24,SS,HortCh99
Chris Horton,2,25,SS,HortCh99
Michael Huff,5,23,SS,HuffMi20
Michael Huff,7,24,SS,HuffMi20
Michael Huff,3,25,FS,HuffMi20
Michael Huff,5,26,FS,HuffMi20
Michael Huff,9,27,FS,HuffMi20
Michael Huff,3,28,FS,HuffMi20
Von Hutchins,4,26,FS/RCB,HutcVo20
George Iloka,7,23,SS,IlokGe00
George Iloka,6,24,SS,IlokGe00
George Iloka,5,25,SS,IlokGe00
George Iloka,6,26,FS,IlokGe00
George Iloka,6,27,FS,IlokGe00
Jake Ingram,1,24,LS,IngrJa20
Kemal Ishmael,5,23,SS,IshmKe00
Kemal Ishmael,3,24,FS,IshmKe00
Chris Jackson,1,22,S,JackCh01
Chris Jackson,1,23,S,JackCh01
Marlin Jackson,3,23,FS,JackMa22
Tanard Jackson,9,22,FS,JackTa99
Tanard Jackson,7,23,FS,JackTa99
Tanard Jackson,6,24,FS,JackTa99
Tanard Jackson,3,26,FS,JackTa99
Jaiquawn Jarrett,3,25,SS,JarrJa00
Malcolm Jenkins,12,23,FS,JenkMa99
Malcolm Jenkins,6,24,FS,JenkMa99
Malcolm Jenkins,5,25,FS,JenkMa99
Malcolm Jenkins,6,26,FS,JenkMa99
Malcolm Jenkins,6,27,FS,JenkMa99
Malcolm Jenkins,8,28,FS,JenkMa99
Malcolm Jenkins,7,29,SS,JenkMa99
Malcolm Jenkins,10,30,FS,JenkMa99
Malcolm Jenkins,8,31,FS,JenkMa99
Malcolm Jenkins,6,32,FS,JenkMa99
Malcolm Jenkins,7,33,SS,JenkMa99
Malcolm Jenkins,6,34,SS,JenkMa99
Jaquan Johnson,2,27,S,JohnJa11
Michael Johnson,3,23,FS,JohnMi99
Michael Johnson,7,24,FS,JohnMi99
Michael Johnson,5,25,SS,JohnMi99
Rashad Johnson,4,25,FS,JohnRa98
Rashad Johnson,3,27,FS,JohnRa98
Rashad Johnson,7,28,FS,JohnRa98
Rashad Johnson,6,29,SS,JohnRa98
Rashad Johnson,3,30,FS,JohnRa98
Todd Johnson,5,26,FS,JohnTo20
Todd Johnson,2,28,SS,JohnTo20
Tyrell Johnson,3,23,FS,JohnTy99
Tyrell Johnson,5,24,SS,JohnTy99
Byron Jones,4,23,FS,JoneBy00
Byron Jones,6,24,FS,JoneBy00
Byron Jones,6,25,FS,JoneBy00
Colin Jones,3,30,FS,JoneCo01
Josh Jones,2,24,FS,JoneJo06
Josh Jones,4,26,SS,JoneJo06
Josh Jones,2,28,S,JoneJo06
Nate Jones,3,27,SS,JoneNa20
Reshad Jones,6,23,FS,JoneRe99
Reshad Jones,8,24,FS,JoneRe99
Reshad Jones,6,25,FS,JoneRe99
Reshad Jones,4,26,FS,JoneRe99
Reshad Jones,9,27,FS,JoneRe99
Reshad Jones,9,29,SS,JoneRe99
Reshad Jones,5,30,SS,JoneRe99
Sean Jones,8,24,SS,JoneSe20
Sean Jones,6,25,SS,JoneSe20
Sean Jones,5,26,SS,JoneSe20
Sean Jones,4,27,FS,JoneSe20
Sean Jones,7,28,SS,JoneSe20
Sean Jones,4,29,SS,JoneSe20
Karl Joseph,4,23,SS,JoseKa00
Karl Joseph,5,24,SS,JoseKa00
Karl Joseph,3,25,FS,JoseKa00
Karl Joseph,3,26,SS,JoseKa00
Karl Joseph,3,27,SS,JoseKa00
Lamarcus Joyner,5,27,FS,JoynLa00
Lamarcus Joyner,5,28,FS,JoynLa00
Lamarcus Joyner,5,32,S,JoynLa00
Shiloh Keo,4,26,FS,KeoxSh00
Terrence Kiel,3,23,SS,KielTe20
Terrence Kiel,6,24,SS,KielTe20
Terrence Kiel,4,25,SS,KielTe20
Terrence Kiel,5,26,SS,KielTe20
Derrick Kindred,2,23,SS,KindDe00
Derrick Kindred,4,24,FS,KindDe00
Dawan Landry,7,24,SS,LandDa21
Dawan Landry,5,25,SS,LandDa21
Dawan Landry,7,27,SS,LandDa21
Dawan Landry,6,28,SS,LandDa21
Dawan Landry,8,29,FS,LandDa21
Dawan Landry,6,30,SS,LandDa21
Dawan Landry,6,31,FS,LandDa21
Dawan Landry,5,32,FS,LandDa21
LaRon Landry,7,23,SS,LandLa99
LaRon Landry,9,24,FS,LandLa99
LaRon Landry,6,25,FS,LandLa99
LaRon Landry,4,26,SS,LandLa99
LaRon Landry,3,27,SS,LandLa99
LaRon Landry,9,28,SS,LandLa99
LaRon Landry,4,29,FS,LandLa99
LaRon Landry,3,30,FS,LandLa99
Keith Lewis,4,25,FS,LewiKe20
Kendrick Lewis,5,22,FS,LewiKe00
Kendrick Lewis,7,23,FS,LewiKe00
Kendrick Lewis,3,24,FS,LewiKe00
Kendrick Lewis,5,25,FS,LewiKe00
Kendrick Lewis,7,26,FS,LewiKe00
Kendrick Lewis,5,27,FS,LewiKe00
Michael Lewis,8,23,SS,LewiMi99
Michael Lewis,8,24,SS,LewiMi99
Michael Lewis,7,25,SS,LewiMi99
Michael Lewis,4,26,SS,LewiMi99
Michael Lewis,7,27,SS,LewiMi99
Michael Lewis,6,28,SS,LewiMi99
Michael Lewis,7,29,SS,LewiMi99
Dwight Lowery,6,25,SS,LoweDw99
Dwight Lowery,4,26,FS,LoweDw99
Dwight Lowery,6,28,FS,LoweDw99
Dwight Lowery,7,29,FS,LoweDw99
Dwight Lowery,6,30,FS,LoweDw99
Calvin Lowry,5,24,FS/SS,LowrCa20
Corey Lynch,3,25,FS,LyncCo99
Danieal Manning,6,24,FS,MannDa21
Danieal Manning,6,25,FS,MannDa21
Danieal Manning,4,27,FS,MannDa21
Danieal Manning,6,28,SS,MannDa21
Danieal Manning,5,29,FS,MannDa21
Danieal Manning,7,30,SS,MannDa21
Danieal Manning,3,32,SS,MannDa21
Marquand Manuel,3,23,SS,ManuMa20
Marquand Manuel,6,26,FS,ManuMa20
Marquand Manuel,6,27,SS,ManuMa20
Marquand Manuel,4,29,SS,ManuMa20
Marquand Manuel,2,30,SS,ManuMa20
Sherrod Martin,3,25,FS,MartSh99
Sherrod Martin,5,26,FS,MartSh99
Sherrod Martin,5,27,FS,MartSh99
Chris Massey,3,23,LS,MassCh00
Chris Massey,1,24,LS,MassCh00
Chris Massey,1,25,LS,MassCh00
Chris Massey,1,26,LS,MassCh00
Chris Massey,2,27,LS,MassCh00
Chris Massey,2,28,LS,MassCh00
Chris Massey,2,29,LS,MassCh00
Chris Massey,2,31,LS,MassCh00
Rashean Mathis,7,23,RCB/FS,MathRa99
Taylor Mays,3,22,SS,MaysTa99
Taylor Mays,2,27,FS,MaysTa99
Devin McCourty,7,25,LCB/FS,McCoDe99
Devin McCourty,10,26,FS,McCoDe99
Devin McCourty,6,27,FS,McCoDe99
Devin McCourty,5,28,FS,McCoDe99
Devin McCourty,11,29,FS,McCoDe99
Devin McCourty,7,30,FS,McCoDe99
Devin McCourty,6,31,FS,McCoDe99
Devin McCourty,9,32,FS,McCoDe99
Devin McCourty,6,33,FS,McCoDe99
Devin McCourty,7,34,FS,McCoDe99
T.J. McDonald,4,22,SS,McDoTJ00
T.J. McDonald,6,23,FS,McDoTJ00
T.J. McDonald,4,24,SS,McDoTJ00
T.J. McDonald,5,25,SS,McDoTJ00
T.J. McDonald,3,26,FS,McDoTJ00
T.J. McDonald,5,27,FS,McDoTJ00
Jon McGraw,4,30,FS,McGrJo21
Jon McGraw,3,31,FS,McGrJo21
Jon McGraw,4,32,SS,McGrJo21
Brandon Meriweather,6,24,SS,MeriBr99
Brandon Meriweather,10,25,SS,MeriBr99
Brandon Meriweather,6,26,FS,MeriBr99
Brandon Meriweather,4,29,FS,MeriBr99
Brandon Meriweather,4,30,SS,MeriBr99
Brandon Meriweather,4,31,SS,MeriBr99
Mike Mitchell,7,26,FS,MitcMi99
Mike Mitchell,5,27,FS,MitcMi99
Mike Mitchell,7,28,FS,MitcMi99
Mike Mitchell,7,29,FS,MitcMi99
Mike Mitchell,4,30,FS,MitcMi99
Kareem Moore,5,26,FS,MoorKa99
Rahim Moore,3,21,FS,MoorRa00
Rahim Moore,6,22,FS,MoorRa00
Rahim Moore,4,23,FS,MoorRa00
Rahim Moore,6,24,FS,MoorRa00
William Moore,7,25,SS,MoorWi99
William Moore,5,26,SS,MoorWi99
William Moore,9,27,SS,MoorWi99
William Moore,6,28,SS,MoorWi99
William Moore,4,30,FS,MoorWi99
Ryan Mundy,5,28,FS,MundRy00
Ryan Mundy,5,29,SS,MundRy00
Haruki Nakamura,6,26,FS,NakaHa99
Nedu Ndukwe,5,23,SS,NdukCh99
Nedu Ndukwe,6,24,SS,NdukCh99
Nedu Ndukwe,3,25,FS,NdukCh99
Reggie Nelson,7,24,FS,NelsRe99
Reggie Nelson,5,25,FS,NelsRe99
Reggie Nelson,5,26,FS,NelsRe99
Reggie Nelson,3,27,SS,NelsRe99
Reggie Nelson,8,28,FS,NelsRe99
Reggie Nelson,7,29,FS,NelsRe99
Reggie Nelson,7,30,FS,NelsRe99
Reggie Nelson,7,31,FS,NelsRe99
Reggie Nelson,13,32,FS,NelsRe99
Reggie Nelson,9,33,FS,NelsRe99
Reggie Nelson,6,34,FS,NelsRe99
Reggie Nelson,3,35,FS,NelsRe99
Montae Nicholson,2,22,SS,NichMo00
Montae Nicholson,3,23,SS,NichMo00
Montae Nicholson,5,24,FS,NichMo00
Donnie Nickey,2,24,SS,NickDo20
Willie Offord,2,24,SS,OffoWi20
Paul Oliver,4,26,SS,OlivPa20
Jarrad Page,7,23,FS,PageJa20
Jarrad Page,5,24,FS,PageJa20
Will Parks,1,28,S,ParkWi01
Kevin Payne,8,25,SS,PaynKe99
Kevin Payne,2,26,SS,PaynKe99
Charlie Peprah,5,27,SS,PeprCh20
Charlie Peprah,5,28,SS,PeprCh20
Jermaine Phillips,4,24,FS,PhilJe20
Jermaine Phillips,4,25,FS,PhilJe20
Jermaine Phillips,5,26,SS,PhilJe20
Jermaine Phillips,6,27,SS,PhilJe20
Jermaine Phillips,8,28,SS,PhilJe20
Jermaine Phillips,6,29,SS,PhilJe20
Kenny Phillips,6,24,SS,PhilKe99
Kenny Phillips,5,25,SS,PhilKe99
Willie Pile,2,24,SS,PileWi20
Sabby Piscitelli,3,25,SS,PiscSa99
Sabby Piscitelli,6,26,SS,PiscSa99
Sabby Piscitelli,3,27,S,PiscSa99
Sabby Piscitelli,3,28,S,PiscSa99
Troy Polamalu,13,23,SS,PolaTr99
Troy Polamalu,14,24,SS,PolaTr99
Troy Polamalu,9,25,SS,PolaTr99
Troy Polamalu,10,26,SS,PolaTr99
Troy Polamalu,17,27,SS,PolaTr99
Troy Polamalu,16,29,SS,PolaTr99
Troy Polamalu,17,30,SS,PolaTr99
Troy Polamalu,9,32,SS,PolaTr99
Troy Polamalu,4,33,SS,PolaTr99
Bernard Pollard,6,23,SS,PollBe20
Bernard Pollard,5,24,SS,PollBe20
Bernard Pollard,6,25,SS,PollBe20
Bernard Pollard,4,26,SS,PollBe20
Bernard Pollard,5,27,SS,PollBe20
Bernard Pollard,5,28,SS,PollBe20
Bernard Pollard,6,29,SS,PollBe20
Ryan Pontbriand,2,24,LS,PontRy20
Ryan Pontbriand,2,25,LS,PontRy20
Ryan Pontbriand,1,26,LS,PontRy20
Ryan Pontbriand,2,27,LS,PontRy20
Ryan Pontbriand,5,28,LS,PontRy20
Ryan Pontbriand,4,29,LS,PontRy20
Ryan Pontbriand,2,30,LS,PontRy20
Ryan Pontbriand,2,31,LS,PontRy20
Ryan Pontbriand,1,32,LS,PontRy20
Brodney Pool,4,22,FS,PoolBr20
Brodney Pool,6,23,FS,PoolBr20
Brodney Pool,6,24,FS,PoolBr20
Brodney Pool,5,25,SS,PoolBr20
Brodney Pool,5,26,FS,PoolBr20
Brodney Pool,3,27,FS,PoolBr20
Chris Prosinski,3,25,FS,ProsCh00
Chris Prosinski,3,28,FS,ProsCh00
Calvin Pryor,4,22,SS/FS,PryoCa00
Calvin Pryor,5,23,SS,PryoCa00
Calvin Pryor,5,24,SS,PryoCa00
Glover Quin,6,25,SS,QuinGl99
Glover Quin,7,26,FS,QuinGl99
Glover Quin,7,27,SS,QuinGl99
Glover Quin,11,28,FS,QuinGl99
Glover Quin,6,29,FS,QuinGl99
Glover Quin,6,30,FS,QuinGl99
Glover Quin,5,31,FS,QuinGl99
Glover Quin,6,32,FS,QuinGl99
Bacarri Rambo,4,25,FS,RambBa00
Bacarri Rambo,2,26,FS,RambBa00
Damarious Randall,6,26,SS,RandDa00
Damarious Randall,4,27,SS,RandDa00
Mistral Raymond,2,24,FS,RaymMi00
Ed Reed,7,24,SS,ReedEd00
Ed Reed,11,25,SS,ReedEd00
Ed Reed,15,26,SS,ReedEd00
Ed Reed,6,27,SS,ReedEd00
Ed Reed,14,28,FS,ReedEd00
Ed Reed,14,29,FS,ReedEd00
Ed Reed,17,30,FS,ReedEd00
Ed Reed,10,31,FS,ReedEd00
Ed Reed,11,32,FS,ReedEd00
Ed Reed,11,33,FS,ReedEd00
Ed Reed,11,34,FS,ReedEd00
Ed Reed,4,35,FS,ReedEd00
Eric Reid,8,22,FS,ReidEr00
Eric Reid,7,23,FS,ReidEr00
Eric Reid,5,24,FS,ReidEr00
Eric Reid,4,25,FS,ReidEr00
Eric Reid,5,26,SS,ReidEr00
Eric Reid,4,27,SS,ReidEr00
Eric Reid,5,28,SS,ReidEr00
Ed Reynolds,3,25,FS,ReynEd00
Kerry Rhodes,5,23,FS,RhodKe20
Kerry Rhodes,12,24,FS,RhodKe20
Kerry Rhodes,8,25,SS,RhodKe20
Kerry Rhodes,7,26,FS,RhodKe20
Kerry Rhodes,8,27,FS,RhodKe20
Kerry Rhodes,7,28,FS,RhodKe20
Kerry Rhodes,7,30,FS,RhodKe20
Jordan Richards,3,24,SS,RichJo00
Jordan Richards,4,25,FS,RichJo00
Darryl Roberts,4,28,LCB/FS,RobeDa00
Kenny Robinson Jr.,1,22,S,RobiKe02
Trent Robinson,3,25,SS,RobiTr02
Antrel Rolle,5,26,FS,RollAn20
Antrel Rolle,9,27,FS,RollAn20
Antrel Rolle,10,28,FS,RollAn20
Antrel Rolle,5,29,FS,RollAn20
Antrel Rolle,6,30,FS,RollAn20
Antrel Rolle,13,31,SS,RollAn20
Antrel Rolle,6,32,SS,RollAn20
Aaron Rouse,3,24,SS,RousAa99
Aaron Rouse,3,25,FS,RousAa99
Eric Rowe,6,27,SS,RoweEr00
Eric Rowe,6,28,FS,RoweEr00
Eric Rowe,2,30,S,RoweEr00
Logan Ryan,6,29,FS,RyanLo00
Logan Ryan,5,30,SS/FS,RyanLo00
Logan Ryan,3,31,S,RyanLo00
Bob Sanders,12,24,FS,SandBo99
Bob Sanders,15,26,SS,SandBo99
James Sanders,4,23,SS,SandJa21
James Sanders,5,24,FS/SS,SandJa21
James Sanders,6,25,FS,SandJa21
James Sanders,3,26,FS,SandJa21
James Sanders,4,27,SS,SandJa21
James Sanders,3,28,SS,SandJa21
Jamarca Sanford,4,26,SS,SanfJa99
Jamarca Sanford,4,27,SS,SanfJa99
Jamarca Sanford,4,28,SS,SanfJa99
Stuart Schweigert,5,24,FS,SchwSt20
Stuart Schweigert,5,25,FS,SchwSt20
Stuart Schweigert,5,26,FS,SchwSt20
Bryan Scott,3,22,SS,ScotBr20
Bryan Scott,5,23,SS,ScotBr20
Bryan Scott,5,24,FS,ScotBr20
Bryan Scott,3,27,FS/SS,ScotBr20
Vernon Scott,1,23,S,ScotVe00
Da'Norris Searcy,4,25,FS,SearDa00
Da'Norris Searcy,6,26,SS,SearDa00
Da'Norris Searcy,5,27,SS,SearDa00
Da'Norris Searcy,5,28,SS,SearDa00
Da'Norris Searcy,3,29,SS,SearDa00
Gerald Sensabaugh,4,23,SS,SensGe20
Gerald Sensabaugh,5,25,SS,SensGe20
Gerald Sensabaugh,7,26,SS,SensGe20
Gerald Sensabaugh,5,27,SS,SensGe20
Gerald Sensabaugh,6,28,FS,SensGe20
Gerald Sensabaugh,5,29,FS,SensGe20
Ko Simpson,6,23,FS,SimpKo20
Ko Simpson,4,25,FS,SimpKo20
Ko Simpson,2,26,SS,SimpKo20
Anthony Smith,5,24,FS,SmitAn21
Eric Smith,3,25,SS,SmitEr22
Eric Smith,3,27,FS,SmitEr22
Eric Smith,6,28,FS,SmitEr22
Reggie Smith,3,24,SS,SmitRe99
Amari Spievey,3,22,SS,SpieAm99
Amari Spievey,7,23,SS,SpieAm99
Daimion Stafford,3,25,S,StafDa00
Craig Steltz,2,25,SS,StelCr99
Donald Strickland,4,23,FS,StriDo20
D.J. Swearinger,4,22,SS,SweaDJ00
D.J. Swearinger,5,23,SS,SweaDJ00
D.J. Swearinger,7,26,FS,SweaDJ00
D.J. Swearinger,6,27,FS,SweaDJ00
Keith Tandy,2,24,FS,TandKe00
Keith Tandy,3,27,SS,TandKe00
Jaquiski Tartt,3,23,SS,TartJa00
Jaquiski Tartt,3,24,FS,TartJa00
Jaquiski Tartt,3,25,SS,TartJa00
Jaquiski Tartt,3,26,SS,TartJa00
Jaquiski Tartt,4,27,SS,TartJa00
Jaquiski Tartt,5,29,SS,TartJa00
Sean Taylor,8,21,FS,TaylSe20
Sean Taylor,8,22,FS,TaylSe20
Sean Taylor,8,23,FS,TaylSe20
Sean Taylor,10,24,FS,TaylSe20
Earl Thomas,7,21,FS,ThomEa99
Earl Thomas,12,22,FS,ThomEa99
Earl Thomas,15,23,FS,ThomEa99
Earl Thomas,16,24,FS,ThomEa99
Earl Thomas,14,25,FS,ThomEa99
Earl Thomas,10,26,FS,ThomEa99
Earl Thomas,5,27,FS,ThomEa99
Earl Thomas,9,28,FS,ThomEa99
Earl Thomas,8,30,SS/FS,ThomEa99
Darian Thompson,6,24,FS,ThomDa05
Darian Thompson,3,27,SS,ThomDa05
Deionte Thompson,2,23,FS,ThomDe06
Lamont Thompson,5,26,FS,ThomLa21
Lamont Thompson,5,27,FS,ThomLa21
Lamont Thompson,6,28,FS,ThomLa21
Tedric Thompson,4,23,FS,ThomTe00
Walter Thurmond,7,28,SS,ThurWa99
Kenny Vaccaro,6,22,SS,VaccKe00
Kenny Vaccaro,5,23,SS,VaccKe00
Kenny Vaccaro,4,24,SS,VaccKe00
Kenny Vaccaro,4,25,SS,VaccKe00
Kenny Vaccaro,5,26,SS,VaccKe00
Kenny Vaccaro,6,27,SS,VaccKe00
Kenny Vaccaro,6,28,SS,VaccKe00
Kenny Vaccaro,4,29,SS,VaccKe00
T.J. Ward,6,24,SS,WardT.99
T.J. Ward,4,25,FS,WardT.99
T.J. Ward,6,26,SS,WardT.99
T.J. Ward,11,27,SS,WardT.99
T.J. Ward,7,28,SS,WardT.99
T.J. Ward,5,29,SS,WardT.99
T.J. Ward,6,30,SS,WardT.99
Pat Watkins,4,24,FS,WatkPa20
Lardarius Webb,7,31,FS,WebbLa99
Eric Weddle,7,23,FS,WeddEr99
Eric Weddle,6,24,FS,WeddEr99
Eric Weddle,12,25,FS,WeddEr99
Eric Weddle,13,26,FS,WeddEr99
Eric Weddle,12,27,FS,WeddEr99
Eric Weddle,10,28,FS,WeddEr99
Eric Weddle,13,29,FS,WeddEr99
Eric Weddle,5,30,FS,WeddEr99
Eric Weddle,10,31,SS,WeddEr99
Eric Weddle,10,32,FS,WeddEr99
Eric Weddle,9,33,FS,WeddEr99
Eric Weddle,7,34,FS,WeddEr99
Marvin White,4,25,FS,WhitMa99
Marvin White,2,26,SS,WhitMa99
Donte Whitner,6,21,SS,WhitDo20
Donte Whitner,5,22,SS,WhitDo20
Donte Whitner,5,23,SS,WhitDo20
Donte Whitner,4,24,SS/FS,WhitDo20
Donte Whitner,5,25,SS,WhitDo20
Donte Whitner,6,26,SS,WhitDo20
Donte Whitner,6,27,SS,WhitDo20
Donte Whitner,6,28,SS,WhitDo20
Donte Whitner,9,29,SS,WhitDo20
Donte Whitner,4,30,SS,WhitDo20
Donte Whitner,3,31,SS,WhitDo20
J.J. Wilcox,2,22,SS,WilcJ.00
J.J. Wilcox,7,23,FS,WilcJ.00
Aaron Williams,5,23,SS,WillAa00
Aaron Williams,5,24,FS,WillAa00
Madieu Williams,7,23,FS,WillMa20
Madieu Williams,6,25,FS,WillMa20
Madieu Williams,5,26,FS,WillMa20
Madieu Williams,3,27,FS,WillMa20
Madieu Williams,5,28,FS,WillMa20
Madieu Williams,5,29,FS,WillMa20
Madieu Williams,5,31,FS,WillMa20
Roy Williams,10,22,FS,WillRo03
Roy Williams,15,23,FS,WillRo03
Roy Williams,8,24,FS,WillRo03
Roy Williams,11,25,SS,WillRo03
Roy Williams,9,26,SS,WillRo03
Roy Williams,7,27,SS,WillRo03
Roy Williams,5,30,SS,WillRo03
Shawn Williams,6,25,SS,WillSh02
Shawn Williams,5,26,SS,WillSh02
Shawn Williams,5,27,SS,WillSh02
Shawn Williams,5,28,SS,WillSh02
Tank Williams,6,22,SS,WillTa20
Tank Williams,6,23,SS,WillTa20
Tank Williams,3,24,SS,WillTa20
Tank Williams,5,25,SS,WillTa20
Khari Willis,3,23,SS,WillKh00
Khari Willis,5,24,SS,WillKh00
Khari Willis,4,25,SS,WillKh00
Eugene Wilson,6,23,FS,WilsEu20
Eugene Wilson,6,24,FS,WilsEu20
Eugene Wilson,6,25,FS,WilsEu20
Eugene Wilson,3,27,FS,WilsEu20
Eugene Wilson,4,28,FS,WilsEu20
Eugene Wilson,3,29,FS,WilsEu20
Eugene Wilson,4,30,FS,WilsEu20
Gibril Wilson,4,23,SS,WilsGi20
Gibril Wilson,7,24,SS,WilsGi20
Gibril Wilson,6,25,SS,WilsGi20
Gibril Wilson,6,26,FS,WilsGi20
Gibril Wilson,6,27,SS,WilsGi20
Gibril Wilson,5,28,SS,WilsGi20
Jimmy Wilson,4,28,DB/FS,WilsJi00
Jimmy Wilson,3,29,SS,WilsJi00
Tavon Wilson,5,26,SS,WilsTa00
Tavon Wilson,3,27,SS,WilsTa00
Tavon Wilson,4,29,SS,WilsTa00
Coy Wire,5,24,SS,WireCo20
Earl Wolff,3,24,FS,WolfEa00
Major Wright,5,23,SS,WrigMa99
Major Wright,7,24,SS,WrigMa99
Major Wright,5,25,SS,WrigMa99
Major Wright,2,26,FS,WrigMa99
Usama Young,5,26,FS,YounUs99
Usama Young,6,27,FS,YounUs99
Tom Zbikowski,2,25,FS,ZbikTo99
Tom Zbikowski,4,27,SS,ZbikTo99