Victor Abiamiri,1,22,DE,AbiaVi99
Victor Abiamiri,3,23,LDE,AbiaVi99
Sam Acho,4,26,DE,AchoSa00
Sam Acho,1,31,DE,AchoSa00
Anthony Adams,2,28,DE,AdamAn20
Gaines Adams,6,24,RDE,AdamGa99
Gaines Adams,9,25,RDE,AdamGa99
Gaines Adams,3,26,RDE,AdamGa99
Victor Adeyanju,5,23,RDE,AdeyVi20
Victor Adeyanju,4,24,LDE,AdeyVi20
Victor Adeyanju,4,25,LDE,AdeyVi20
Victor Adeyanju,1,26,DE,AdeyVi20
C.J. Ah You,1,27,DE,AhYoC.00
C.J. Ah You,2,28,DE,AhYoC.00
C.J. Ah You,1,29,DE,AhYoC.00
Ikaika Alama-Francis,1,24,DE,AlamIk99
Ikaika Alama-Francis,1,26,DE,AlamIk99
Frank Alexander,3,23,DE,AlexFr00
Frank Alexander,3,24,DE,AlexFr00
Jared Allen,4,22,RDE,AlleJa22
Jared Allen,8,23,RDE,AlleJa22
Jared Allen,11,24,RDE,AlleJa22
Jared Allen,17,25,RDE,AlleJa22
Jared Allen,18,26,RDE,AlleJa22
Jared Allen,17,27,RDE,AlleJa22
Jared Allen,10,28,RDE,AlleJa22
Jared Allen,14,29,RDE,AlleJa22
Jared Allen,10,30,RDE,AlleJa22
Jared Allen,6,31,RDE,AlleJa22
Jared Allen,6,32,RDE,AlleJa22
Jared Allen,6,33,RDE,AlleJa22
Tyson Alualu,6,26,LDE,AluaTy99
Tyson Alualu,5,29,RDE,AluaTy99
Tyson Alualu,3,32,RDE,AluaTy99
Tyson Alualu,2,35,DE,AluaTy99
Jamaal Anderson,6,21,LDE,AndeJa98
Jamaal Anderson,6,22,LDE,AndeJa98
Jamaal Anderson,5,23,RDE,AndeJa98
Jamaal Anderson,3,24,DE,AndeJa98
Jamaal Anderson,2,25,DE,AndeJa98
Mark Anderson,4,23,DE,AndeMa21
Mark Anderson,7,24,RDE,AndeMa21
Mark Anderson,2,25,DE,AndeMa21
Mark Anderson,2,26,DE,AndeMa21
Mark Anderson,3,27,DE,AndeMa21
Mark Anderson,3,28,DE,AndeMa21
Ezekiel Ansah,6,24,LDE,AnsaEz00
Ezekiel Ansah,9,25,LDE,AnsaEz00
Ezekiel Ansah,12,26,RDE,AnsaEz00
Ezekiel Ansah,5,27,RDE,AnsaEz00
Ezekiel Ansah,7,28,RDE,AnsaEz00
Ezekiel Ansah,2,30,DE,AnsaEz00
Baraka Atkins,1,23,DE,AtkiBa99
Baraka Atkins,1,24,DE,AtkiBa99
Cliff Avril,2,22,DE,AvriCl99
Cliff Avril,4,23,RDE,AvriCl99
Cliff Avril,6,24,LDE,AvriCl99
Cliff Avril,9,25,LDE,AvriCl99
Cliff Avril,7,26,LDE,AvriCl99
Cliff Avril,3,27,DE,AvriCl99
Cliff Avril,7,28,RDE,AvriCl99
Cliff Avril,9,29,RDE,AvriCl99
Cliff Avril,11,30,RDE,AvriCl99
Robert Ayers,2,24,DE,AyerRo99
Robert Ayers,6,26,LDE,AyerRo99
Robert Ayers,2,27,DE,AyerRo99
Robert Ayers,3,28,DE,AyerRo99
Robert Ayers,2,29,DE,AyerRo99
Robert Ayers,5,30,LDE,AyerRo99
Robert Ayers,5,31,LDE,AyerRo99
Robert Ayers,4,32,LDE,AyerRo99
Jason Babin,2,26,DE,BabiJa20
Jason Babin,2,28,DE,BabiJa20
Jason Babin,1,29,DE,BabiJa20
Jason Babin,10,30,LDE,BabiJa20
Jason Babin,13,31,LDE,BabiJa20
Jason Babin,6,32,DE,BabiJa20
Jonathan Babineaux,4,24,RDE,BabiJo20
Jonathan Babineaux,6,33,RDE,BabiJo20
Allen Bailey,1,22,DE,BailAl00
Allen Bailey,1,23,DE,BailAl00
Allen Bailey,3,24,DE,BailAl00
Allen Bailey,8,25,RDE,BailAl00
Allen Bailey,6,26,RDE,BailAl00
Allen Bailey,6,28,RDE,BailAl00
Allen Bailey,7,29,LDE,BailAl00
Allen Bailey,3,30,RDE,BailAl00
Allen Bailey,3,31,DE,BailAl00
Dave Ball,1,25,DE,BallDa20
Dave Ball,4,27,DE,BallDa20
Dave Ball,1,28,DE,BallDa20
Dave Ball,5,29,RDE,BallDa20
Dave Ball,5,30,LDE,BallDa20
Kentwan Balmer,5,24,RDE,BalmKe99
Justin Bannan,9,29,LDE/NT,BannJu20
Justin Bannan,5,31,RDE,BannJu20
Justin Bannan,8,33,RDE,BannJu20
Ben Banogu,1,26,DE,BanoBe00
Connor Barwin,2,23,DE,BarwCo99
Connor Barwin,7,30,RDE,BarwCo99
Connor Barwin,2,32,DE,BarwCo99
Tarell Basham,1,23,DE,BashTa00
Tarell Basham,1,24,DE,BashTa00
Tarell Basham,3,25,DE,BashTa00
Tarell Basham,4,27,LDE,BashTa00
David Bass,2,23,DE,BassDa00
David Bass,1,24,DE,BassDa00
David Bass,1,26,DE,BassDa00
David Bass,2,27,DE,BassDa00
Vic Beasley,7,23,LDE,BeasVi00
Vic Beasley,4,26,LDE,BeasVi00
Vic Beasley,7,27,RDE,BeasVi00
Kroy Biermann,8,25,RDE,BierKr99
Kroy Biermann,4,27,LDE,BierKr99
Kroy Biermann,6,29,RLB/LDE,BierKr99
Christo Bilukidi,1,23,DE,BiluCh00
Ronald Blair,1,23,DE,BlaiRo00
Ronald Blair,2,25,DE,BlaiRo00
Ronald Blair,2,26,DE,BlaiRo00
Ronald Blair,2,28,DE,BlaiRo00
Da'Quan Bowers,3,21,LDE,BoweDa00
Da'Quan Bowers,1,22,DE,BoweDa00
Da'Quan Bowers,1,23,DE,BoweDa00
Da'Quan Bowers,2,24,DE,BoweDa00
Josh Boyd,1,24,DE,BoydJo00
Josh Boyd,3,25,DE,BoydJo00
Ron Brace,3,24,RDE,BracRo99
Alan Branch,6,29,LDE,BranAl99
Andre Branch,5,26,LDE,BranAn00
Andre Branch,6,27,RDE,BranAn00
Andre Branch,6,28,LDE/NT,BranAn00
Tyler Brayton,7,24,RDE,BrayTy20
Tyler Brayton,5,25,LDE,BrayTy20
Tyler Brayton,2,26,DE,BrayTy20
Tyler Brayton,6,27,LDE,BrayTy20
Tyler Brayton,1,28,DE,BrayTy20
Tyler Brayton,8,29,LDE,BrayTy20
Tyler Brayton,9,30,LDE,BrayTy20
Tyler Brayton,6,31,RDE,BrayTy20
Tyler Brayton,2,32,DE,BrayTy20
Raheem Brock,3,24,LDE,BrocRa20
Raheem Brock,7,25,LDE,BrocRa20
Raheem Brock,6,26,LDE,BrocRa20
Raheem Brock,8,27,LDE,BrocRa20
Raheem Brock,7,30,LDE,BrocRa20
Raheem Brock,5,31,LDE,BrocRa20
Raheem Brock,2,32,DE,BrocRa20
Raheem Brock,2,33,DE,BrocRa20
Michael Brockers,7,27,LDE/NT,BrocMi00
Michael Brockers,7,28,LDE,BrocMi00
Michael Brockers,7,29,LDE,BrocMi00
Michael Brockers,10,30,DE,BrocMi00
Michael Brockers,6,31,LDE,BrocMi00
Alex Brown,5,23,RDE,BrowAl20
Alex Brown,8,24,RDE,BrowAl20
Alex Brown,10,25,RDE,BrowAl20
Alex Brown,10,26,RDE,BrowAl20
Alex Brown,11,27,RDE,BrowAl20
Alex Brown,4,28,DE,BrowAl20
Alex Brown,9,29,RDE,BrowAl20
Alex Brown,7,30,RDE,BrowAl20
Alex Brown,7,31,LDE,BrowAl20
Everette Brown,2,22,DE,BrowEv99
Everette Brown,3,23,DE,BrowEv99
Armonty Bryant,1,23,DE,BryaAr00
Armonty Bryant,2,25,DE,BryaAr00
Red Bryant,8,27,RDE,BryaRe99
Red Bryant,8,28,LDE,BryaRe99
Red Bryant,8,29,LDE,BryaRe99
Red Bryant,6,30,LDE,BryaRe99
Michael Buchanan,2,22,DE,BuchMi00
Shilique Calhoun,1,24,DE,CalhSh00
Shilique Calhoun,1,25,DE,CalhSh00
Shilique Calhoun,2,27,DE,CalhSh00
Shilique Calhoun,1,28,DE,CalhSh00
Chris Canty,3,23,DE,CantCh21
Chris Canty,6,24,RDE,CantCh21
Chris Canty,7,25,RDE,CantCh21
Chris Canty,7,26,RDE,CantCh21
Chris Canty,2,27,DE,CantCh21
Chris Canty,7,31,RDE,CantCh21
Chris Canty,5,32,RDE,CantCh21
Chris Canty,4,33,RDE,CantCh21
Tank Carradine,1,24,DE,CarrCo00
Tank Carradine,2,25,DE,CarrCo00
Tank Carradine,1,26,DE,CarrCo00
Tank Carradine,3,27,DE,CarrCo00
Adam Carriker,7,26,LDE,CarrAd99
Adam Carriker,6,27,LDE,CarrAd99
Alex Carrington,1,23,DE,CarrAl99
Alex Carrington,3,24,LDE,CarrAl99
Alex Carrington,1,25,DE,CarrAl99
Alex Carrington,1,27,DE,CarrAl99
Jurrell Casey,7,25,RDE,CaseJu00
Jurrell Casey,9,26,RDE,CaseJu00
Jurrell Casey,11,27,RDE,CaseJu00
Jurrell Casey,10,28,RDE,CaseJu00
Jurrell Casey,12,29,RDE/NT,CaseJu00
Jurrell Casey,11,30,RDE,CaseJu00
Luis Castillo,7,22,LDE,CastLu20
Luis Castillo,5,23,LDE,CastLu20
Luis Castillo,5,24,RDE,CastLu20
Luis Castillo,7,25,RDE,CastLu20
Luis Castillo,6,26,RDE,CastLu20
Luis Castillo,7,27,RDE,CastLu20
Mike Catapano,1,23,DE,CataMi00
Mike Catapano,2,26,DE,CataMi00
Anthony Chickillo,2,25,DE,ChicAn00
Anthony Chickillo,2,26,DE,ChicAn00
Anthony Chickillo,1,27,DE,ChicAn00
Anthony Chickillo,1,28,DE,ChicAn00
Will Clarke,1,24,DE,ClarWi00
Will Clarke,2,25,DE,ClarWi00
Will Clarke,2,26,DE,ClarWi00
Adrian Clayborn,5,23,RDE,ClayAd00
Adrian Clayborn,7,25,RDE,ClayAd00
Adrian Clayborn,3,27,DE,ClayAd00
Adrian Clayborn,4,28,LDE,ClayAd00
Adrian Clayborn,4,29,DE,ClayAd00
Adrian Clayborn,2,30,DE,ClayAd00
Adrian Clayborn,2,31,DE,ClayAd00
Adrian Clayborn,2,32,DE,ClayAd00
Trent Cole,4,23,RDE,ColeTr20
Trent Cole,8,24,LDE/RDE,ColeTr20
Trent Cole,13,25,RDE,ColeTr20
Trent Cole,10,26,RDE,ColeTr20
Trent Cole,12,27,RDE,ColeTr20
Trent Cole,7,28,RDE,ColeTr20
Trent Cole,7,29,RDE,ColeTr20
Trent Cole,6,30,RDE,ColeTr20
Kenyon Coleman,2,24,DE,ColeKe20
Kenyon Coleman,1,25,DE,ColeKe20
Kenyon Coleman,3,26,LDE,ColeKe20
Kenyon Coleman,2,27,DE,ColeKe20
Kenyon Coleman,7,28,RDE,ColeKe20
Kenyon Coleman,7,29,RDE,ColeKe20
Kenyon Coleman,5,30,LDE,ColeKe20
Kenyon Coleman,8,31,LDE,ColeKe20
Kenyon Coleman,7,32,LDE,ColeKe20
Quinton Coples,3,22,DE,CoplQu00
Quinton Coples,2,25,DE,CoplQu00
Christian Covington,4,23,LDE,CoviCh00
Jack Crawford,1,25,DE,CrawJa00
Jack Crawford,2,27,DE,CrawJa00
Jack Crawford,5,28,RDE/LDE,CrawJa00
Jack Crawford,2,31,DE,CrawJa00
Jack Crawford,4,32,DE,CrawJa00
Tyrone Crawford,1,23,DE,CrawTy00
Tyrone Crawford,7,27,LDE/LDT,CrawTy00
Tyrone Crawford,7,28,RDE,CrawTy00
Tyrone Crawford,7,29,RDE,CrawTy00
Tyrone Crawford,2,31,DE,CrawTy00
Scott Crichton,1,23,DE,CricSc00
Scott Crichton,1,24,DE,CricSc00
Jared Crick,2,23,DE,CricJa00
Jared Crick,2,24,DE,CricJa00
Jared Crick,10,26,LDE,CricJa00
Jared Crick,8,27,RDE,CricJa00
Tim Crowder,2,22,DE,CrowTi99
Tim Crowder,3,24,DE,CrowTi99
Tim Crowder,5,25,LDE,CrowTi99
Tim Crowder,1,26,DE,CrowTi99
Vinny Curry,2,25,DE,CurrVi00
Vinny Curry,2,26,DE,CurrVi00
Vinny Curry,1,27,DE,CurrVi00
Vinny Curry,2,28,DE,CurrVi00
Vinny Curry,8,29,LDE,CurrVi00
Vinny Curry,3,30,LDE,CurrVi00
Vinny Curry,3,31,DE,CurrVi00
Vinny Curry,3,32,DE,CurrVi00
Vinny Curry,1,34,DE,CurrVi00
Mike Daniels,7,25,RDE,DaniMi00
Mike Daniels,9,26,RDE,DaniMi00
Mike Daniels,7,27,RDE,DaniMi00
Mike Daniels,9,28,RDE,DaniMi00
Mike Daniels,4,29,RDE,DaniMi00
Carl Davis,5,25,RDE,DaviCa01
Chauncey Davis,4,22,RDE,DaviCh22
Chauncey Davis,6,23,LDE,DaviCh22
Chauncey Davis,2,24,DE,DaviCh22
Chauncey Davis,3,25,DE,DaviCh22
Chauncey Davis,3,26,DE,DaviCh22
Chauncey Davis,3,27,DE,DaviCh22
Dorsett Davis,1,24,DE,DaviDo23
Will Davis,1,23,DE,DaviWi99
Will Davis,2,24,DE,DaviWi99
Keyunta Dawson,4,22,DE,DawsKe99
Keyunta Dawson,2,24,DE,DawsKe99
Keyunta Dawson,2,25,DE,DawsKe99
Keyunta Dawson,1,28,DE,DawsKe99
Brandon Deaderick,3,24,DE,DeadBr99
Ryan Denney,1,25,DE,DennRy20
Ryan Denney,7,26,LDE,DennRy20
Ryan Denney,3,27,LDE,DennRy20
Ryan Denney,2,28,DE,DennRy20
Ryan Denney,3,29,DE,DennRy20
Ryan Denney,6,31,RDE,DennRy20
Ryan Denney,2,32,DE,DennRy20
Quinton Dial,6,25,RDE,DialQu00
Quinton Dial,4,26,RDE,DialQu00
Quinton Dial,2,27,DE,DialQu00
Darnell Dockett,13,28,RDE,DockDa20
Darnell Dockett,10,29,RDE,DockDa20
Darnell Dockett,8,30,RDE,DockDa20
Darnell Dockett,8,31,RDE,DockDa20
Darnell Dockett,8,32,RDE,DockDa20
Kevin Dodd,1,24,DE,DoddKe00
Kevin Dodd,1,25,DE,DoddKe00
Glenn Dorsey,7,24,RDE,DorsGl99
Glenn Dorsey,9,25,RDE,DorsGl99
Glenn Dorsey,6,26,RDE,DorsGl99
Glenn Dorsey,3,30,LDE,DorsGl99
Elvis Dumervil,2,22,DE,DumeEl20
Elvis Dumervil,7,23,RDE,DumeEl20
Elvis Dumervil,4,24,RDE,DumeEl20
Elvis Dumervil,3,29,DE,DumeEl20
Elvis Dumervil,11,30,DE,DumeEl20
Elvis Dumervil,2,32,DE,DumeEl20
Elvis Dumervil,1,33,DE,DumeEl20
Carlos Dunlap,2,21,DE,DunlCa99
Carlos Dunlap,2,22,DE,DunlCa99
Carlos Dunlap,5,23,DE,DunlCa99
Carlos Dunlap,10,24,LDE,DunlCa99
Carlos Dunlap,9,25,LDE,DunlCa99
Carlos Dunlap,13,26,LDE,DunlCa99
Carlos Dunlap,11,27,LDE,DunlCa99
Carlos Dunlap,8,28,LDE,DunlCa99
Carlos Dunlap,6,29,LDE,DunlCa99
Carlos Dunlap,8,30,LDE,DunlCa99
Carlos Dunlap,3,32,DE,DunlCa99
Carlos Dunlap,2,33,DE,DunlCa99
Kony Ealy,1,23,DE,EalyKo00
Kony Ealy,5,24,LDE,EalyKo00
Kony Ealy,4,25,RDE,EalyKo00
Kony Ealy,3,26,DE,EalyKo00
Nick Eason,3,29,LDE,EasoNi20
Nick Eason,4,30,RDE,EasoNi20
Dwan Edwards,6,26,LDE,EdwaDw20
Dwan Edwards,7,28,RDE,EdwaDw20
Dwan Edwards,5,29,RDE,EdwaDw20
Dwan Edwards,5,30,RDE,EdwaDw20
Kalimba Edwards,3,23,DE,EdwaKa20
Kalimba Edwards,1,24,DE,EdwaKa20
Kalimba Edwards,2,25,DE,EdwaKa20
Kalimba Edwards,4,26,DE,EdwaKa20
Kalimba Edwards,5,27,RDE,EdwaKa20
Kalimba Edwards,2,28,RDE,EdwaKa20
Kalimba Edwards,5,29,RDE,EdwaKa20
Ray Edwards,2,21,DE,EdwaRa21
Ray Edwards,6,22,RDE,EdwaRa21
Ray Edwards,8,23,LDE,EdwaRa21
Ray Edwards,8,24,LDE,EdwaRa21
Ray Edwards,7,25,LDE,EdwaRa21
Ray Edwards,8,26,LDE,EdwaRa21
Ray Edwards,3,27,DE,EdwaRa21
Duke Ejiofor,1,23,DE,EjioDu00
Sedrick Ellis,6,26,RDE,ElliSe99
Kyle Emanuel,2,24,DE,EmanKy00
Larry English,2,23,DE,EnglLa99
Larry English,2,24,DE,EnglLa99
Larry English,1,26,DE,EnglLa99
Larry English,1,28,DE,EnglLa99
Jonathan Fanene,1,25,DE,FaneJo20
Jonathan Fanene,3,26,DE,FaneJo20
Jonathan Fanene,6,27,RDE,FaneJo20
Jonathan Fanene,3,29,DE,FaneJo20
Terrence Fede,1,23,DE,FedeTe00
Terrence Fede,1,24,DE,FedeTe00
Terrence Fede,1,25,DE,FedeTe00
Terrence Fede,2,26,DE,FedeTe00
Jaylon Ferguson,2,25,DE,FergJa02
Jaylon Ferguson,1,26,DE,FergJa02
Jacob Ford,3,27,RDE,FordJa99
Eddie Freeman,1,24,DE,FreeEd20
Dwight Freeney,6,22,RDE,FreeDw00
Dwight Freeney,11,23,RDE,FreeDw00
Dwight Freeney,12,24,RDE,FreeDw00
Dwight Freeney,14,25,RDE,FreeDw00
Dwight Freeney,5,26,RDE,FreeDw00
Dwight Freeney,4,27,RDE,FreeDw00
Dwight Freeney,9,28,RDE,FreeDw00
Dwight Freeney,12,29,RDE,FreeDw00
Dwight Freeney,9,30,RDE,FreeDw00
Dwight Freeney,8,31,RDE,FreeDw00
Dwight Freeney,1,35,DE,FreeDw00
Dwight Freeney,2,36,DE,FreeDw00
Dwight Freeney,1,37,DE,FreeDw00
Antonio Garay,1,33,DE,GaraAn20
Jonathan Garvin,1,21,DE,GarvJo00
Jonathan Garvin,1,22,DE,GarvJo00
Clifton Geathers,1,25,DE,GeatCl99
Clifton Geathers,1,26,DE,GeatCl99
Robert Geathers,2,21,DE,GeatRo21
Robert Geathers,6,22,RDE,GeatRo21
Robert Geathers,3,23,DE,GeatRo21
Robert Geathers,7,24,LDE,GeatRo21
Robert Geathers,6,25,LDE,GeatRo21
Robert Geathers,8,26,LDE,GeatRo21
Robert Geathers,7,27,LDE,GeatRo21
Robert Geathers,6,28,LDE,GeatRo21
Robert Geathers,8,29,LDE,GeatRo21
Robert Geathers,2,31,DE,GeatRo21
Vernon Gholston,1,22,DE,GholVe99
Vernon Gholston,3,23,DE,GholVe99
Vernon Gholston,2,24,DE,GholVe99
Kedric Golston,6,27,RDE,GolsKe20
Kedric Golston,3,30,LDE,GolsKe20
Malliciah Goodman,1,23,DE,GoodMa01
Malliciah Goodman,4,24,LDE,GoodMa01
Charles Grant,5,24,LDE,GranCh21
Charles Grant,8,25,LDE/RDE,GranCh21
Charles Grant,8,26,LDE,GranCh21
Charles Grant,7,27,RDE,GranCh21
Charles Grant,9,28,LDE,GranCh21
Charles Grant,6,29,LDE,GranCh21
Charles Grant,4,30,LDE,GranCh21
Charles Grant,7,31,LDE,GranCh21
Brandon Green,2,25,DE,GreeBr20
Brandon Green,3,26,RDE,GreeBr20
Howard Green,2,32,RDE,GreeHo20
Jamaal Green,1,24,DE,GreeJa20
Jarvis Green,3,23,DE,GreeJa21
Jarvis Green,4,24,RDE,GreeJa21
Jarvis Green,3,25,DE,GreeJa21
Jarvis Green,3,26,RDE,GreeJa21
Jarvis Green,5,27,DE,GreeJa21
Jarvis Green,6,28,RDE,GreeJa21
Jarvis Green,3,29,DE,GreeJa21
Jarvis Green,6,30,RDE,GreeJa21
Everson Griffen,1,23,DE,GrifEv99
Everson Griffen,2,24,DE,GrifEv99
Everson Griffen,4,25,DE,GrifEv99
Everson Griffen,2,26,DE,GrifEv99
Everson Griffen,9,27,RDE,GrifEv99
Everson Griffen,11,28,RDE,GrifEv99
Everson Griffen,13,29,RDE,GrifEv99
Everson Griffen,15,30,RDE,GrifEv99
Everson Griffen,6,31,RDE,GrifEv99
Everson Griffen,10,32,RDE,GrifEv99
Everson Griffen,2,33,DE,GrifEv99
Everson Griffen,3,34,RDE,GrifEv99
Quentin Groves,4,25,LDE,GrovQu99
Rodney Gunter,5,27,RDE,GuntRo00
Obum Gwacham,1,24,DE,GwacOb00
Tamba Hali,9,23,LDE,HaliTa20
Tamba Hali,9,24,LDE,HaliTa20
Tamba Hali,6,25,RDE/LDE,HaliTa20
Tamba Hali,3,33,DE,HaliTa20
Carlos Hall,7,23,RDE,HallCa20
Carlos Hall,4,24,DE,HallCa20
Carlos Hall,5,25,RDE,HallCa20
Carlos Hall,2,26,DE,HallCa20
Daeshon Hall,1,24,DE,HallDa01
P.J. Hall,3,25,RDE,HallP.00
Greg Hardy,2,22,DE,HardGr99
Greg Hardy,5,23,LDE,HardGr99
Greg Hardy,6,24,LDE,HardGr99
Greg Hardy,15,25,RDE,HardGr99
Greg Hardy,6,27,RDE,HardGr99
Anthony Hargrove,1,21,DE,HargAn20
Anthony Hargrove,5,22,RDE,HargAn20
Anthony Hargrove,2,23,DE,HargAn20
Anthony Hargrove,1,24,DE,HargAn20
Anthony Hargrove,1,27,DE,HargAn20
Anthony Hargrove,2,28,DE,HargAn20
Eli Harold,2,21,DE,HaroEl00
Eli Harold,1,24,DE,HaroEl00
Larry Hart,1,23,DE,HartLa99
Taylor Hart,1,24,DE,HartTa00
Derrick Harvey,4,22,LDE/RDE,HarvDe99
Derrick Harvey,7,23,RDE,HarvDe99
Derrick Harvey,3,24,LDE,HarvDe99
Jason Hatcher,1,24,DE,HatcJa20
Jason Hatcher,2,25,DE,HatcJa20
Jason Hatcher,1,26,DE,HatcJa20
Jason Hatcher,2,27,DE,HatcJa20
Jason Hatcher,1,28,DE,HatcJa20
Jason Hatcher,5,29,RDE,HatcJa20
Jason Hatcher,7,30,RDE,HatcJa20
Jason Hatcher,6,32,RDE,HatcJa20
Jason Hatcher,6,33,RDE,HatcJa20
Brent Hawkins,2,24,DE,HawkBr20
Jovan Haye,1,24,DE,HayeJo20
Jovan Haye,2,28,DE,HayeJo20
William Hayes,1,23,DE,HayeWi99
William Hayes,5,24,LDE,HayeWi99
William Hayes,2,25,DE,HayeWi99
William Hayes,2,26,DE,HayeWi99
William Hayes,3,27,DE,HayeWi99
William Hayes,3,28,DE,HayeWi99
William Hayes,6,29,LDE,HayeWi99
William Hayes,7,30,LDE,HayeWi99
William Hayes,7,31,LDE,HayeWi99
William Hayes,1,32,DE,HayeWi99
Michael Haynes,2,23,DE,HaynMi20
Michael Haynes,5,24,DE,HaynMi20
Michael Haynes,1,25,DE,HaynMi20
Akiem Hicks,1,23,DE,HickAk00
Akiem Hicks,9,24,LDE,HickAk00
Akiem Hicks,5,25,LDE,HickAk00
Akiem Hicks,3,26,DE,HickAk00
Akiem Hicks,7,27,LDE,HickAk00
Akiem Hicks,10,28,LDE,HickAk00
Akiem Hicks,13,29,LDE,HickAk00
Akiem Hicks,7,31,DE/DT,HickAk00
Akiem Hicks,3,32,DE,HickAk00
Marquise Hill,1,23,DE,HillMa21
Tyrone Holmes,1,23,DE,HolmTy01
Evander Hood,6,23,LDE,HoodEv99
Evander Hood,8,24,LDE,HoodEv99
Evander Hood,9,25,LDE,HoodEv99
Evander Hood,5,26,DE,HoodEv99
Lamarr Houston,7,23,LDE,HousLa99
Lamarr Houston,6,24,LDE,HousLa99
Lamarr Houston,7,25,LDE,HousLa99
Lamarr Houston,7,26,LDE,HousLa99
Lamarr Houston,3,27,LDE,HousLa99
Jaye Howard,6,26,LDE,HowaJa00
Jaye Howard,8,27,RDE,HowaJa00
Margus Hunt,1,26,DE,HuntMa00
Margus Hunt,1,27,DE,HuntMa00
Margus Hunt,1,29,DE,HuntMa00
Margus Hunt,3,30,LDE,HuntMa00
Margus Hunt,8,31,RDE/LDT,HuntMa00
Margus Hunt,1,33,DE,HuntMa00
Margus Hunt,1,34,DE,HuntMa00
Melvin Ingram,2,23,DE,IngrMe00
Melvin Ingram,13,28,RDE,IngrMe00
Melvin Ingram,11,29,RDE,IngrMe00
Melvin Ingram,10,30,RDE,IngrMe00
Melvin Ingram,4,32,LDE,IngrMe00
Matthew Ioannidis,5,23,RDE,IoanMa01
Matthew Ioannidis,5,24,RDE/NT,IoanMa01
Matthew Ioannidis,7,25,RDE,IoanMa01
Bruce Irvin,3,25,DE,IrviBr00
Bruce Irvin,4,31,DE,IrviBr00
Kenny Iwebema,1,23,DE,IwebKe99
Kenny Iwebema,1,24,DE,IwebKe99
Joe Jackson,1,25,DE,JackJo02
Lawrence Jackson,6,23,RDE,JackLa98
Lawrence Jackson,5,24,RDE,JackLa98
Lawrence Jackson,2,25,DE,JackLa98
Lawrence Jackson,2,26,DE,JackLa98
Lawrence Jackson,1,27,DE,JackLa98
Malik Jackson,4,23,LDE,JackMa02
Malik Jackson,9,25,RDE,JackMa02
Rob Jackson,1,26,DE,JackRo99
Rob Jackson,1,28,DE,JackRo99
Tyson Jackson,6,23,LDE,JackTy98
Tyson Jackson,3,24,DE,JackTy98
Tyson Jackson,6,25,LDE,JackTy98
Tyson Jackson,6,26,LDE,JackTy98
Tyson Jackson,5,27,LDE,JackTy98
Erasmus James,4,23,RDE,JameEr20
Jeremy Jarmon,1,22,DE,JarmJe99
Ricky Jean-Francois,4,27,RDE,JeanRi99
Ricky Jean-Francois,3,30,LDE,JeanRi99
Jarvis Jenkins,5,24,LDE,JenkJa01
Jarvis Jenkins,3,25,LDE,JenkJa01
Jarvis Jenkins,6,26,LDE,JenkJa01
Jarvis Jenkins,7,27,RDE,JenkJa01
Julian Jenkins,1,23,DE,JenkJu20
Timmy Jernigan,4,23,LDE,JernTi00
Timmy Jernigan,8,24,LDE,JernTi00
Peria Jerry,5,29,LDE,JerrPe99
Cam Johnson,1,23,DE,JohnCa01
Charles Johnson,2,22,DE,JohnCh98
Charles Johnson,3,23,DE,JohnCh98
Charles Johnson,8,24,LDE,JohnCh98
Charles Johnson,5,25,RDE,JohnCh98
Charles Johnson,8,26,RDE,JohnCh98
Charles Johnson,8,27,LDE,JohnCh98
Charles Johnson,8,28,LDE,JohnCh98
Charles Johnson,4,29,LDE,JohnCh98
Charles Johnson,6,30,LDE,JohnCh98
Charles Johnson,4,31,LDE,JohnCh98
Dennis Johnson,1,23,DE,JohnDe22
Dennis Johnson,4,24,LDE,JohnDe22
Jarret Johnson,2,22,DE,JohnJa23
Jarret Johnson,3,23,DE,JohnJa23
Jarret Johnson,6,24,LDE,JohnJa23
Jarret Johnson,3,25,DE,JohnJa23
Michael Johnson,2,22,DE,JohnMi98
Michael Johnson,6,23,RDE,JohnMi98
Michael Johnson,4,24,RDE,JohnMi98
Michael Johnson,9,25,RDE,JohnMi98
Michael Johnson,10,26,RDE,JohnMi98
Michael Johnson,5,27,RDE,JohnMi98
Michael Johnson,8,28,RDE,JohnMi98
Michael Johnson,8,29,RDE,JohnMi98
Michael Johnson,7,30,RDE,JohnMi98
Michael Johnson,6,31,RDE,JohnMi98
Trevor Johnson,2,23,DE,JohnTr21
Trevor Johnson,1,24,DE,JohnTr21
Trevor Johnson,1,26,DE,JohnTr21
Johnny Jolly,8,26,LDE,JollJo20
Johnny Jolly,4,30,RDE,JollJo20
Arthur Jones,4,26,RDE,JoneAr22
Arthur Jones,8,27,LDE,JoneAr22
Arthur Jones,3,30,RDE,JoneAr22
Datone Jones,2,23,DE,JoneDa03
Datone Jones,3,24,DE,JoneDa03
Datone Jones,2,25,DE,JoneDa03
Datone Jones,3,26,DE,JoneDa03
Jason Jones,6,25,RDE,JoneJa99
Jason Jones,8,28,RDE,JoneJa99
Jason Jones,6,29,LDE,JoneJa99
Dion Jordan,2,23,DE,JordDi00
Dion Jordan,1,24,DE,JordDi00
Dion Jordan,3,28,DE,JordDi00
Dion Jordan,2,30,DE,JordDi00
Aaron Kampman,3,23,LDE,KampAa99
Aaron Kampman,5,24,LDE,KampAa99
Aaron Kampman,7,25,LDE,KampAa99
Aaron Kampman,9,26,LDE,KampAa99
Aaron Kampman,13,27,LDE,KampAa99
Aaron Kampman,13,28,LDE,KampAa99
Aaron Kampman,7,29,LDE,KampAa99
Aaron Kampman,3,31,RDE,KampAa99
Brett Keisel,1,26,DE,KeisBr20
Brett Keisel,2,27,DE,KeisBr20
Brett Keisel,9,28,RDE,KeisBr20
Brett Keisel,7,29,RDE,KeisBr20
Brett Keisel,6,30,RDE,KeisBr20
Brett Keisel,8,31,RDE,KeisBr20
Brett Keisel,10,32,RDE,KeisBr20
Brett Keisel,9,33,RDE,KeisBr20
Brett Keisel,9,34,RDE,KeisBr20
Brett Keisel,6,35,RDE,KeisBr20
Brett Keisel,3,36,DE,KeisBr20
Kingsley Keke,1,23,DE,KekeKi00
Kingsley Keke,5,24,RDE,KekeKi00
Kingsley Keke,3,25,RDE,KekeKi00
Chris Kelsay,2,24,DE,KelsCh21
Chris Kelsay,6,25,LDE,KelsCh21
Chris Kelsay,6,26,LDE,KelsCh21
Chris Kelsay,8,27,LDE,KelsCh21
Chris Kelsay,7,28,LDE,KelsCh21
Chris Kelsay,7,29,LDE,KelsCh21
Chris Kelsay,8,30,LDE,KelsCh21
Chris Kelsay,2,33,DE,KelsCh21
Devon Kennard,3,29,DE,KennDe00
Devon Kennard,2,30,DE,KennDe00
Ryan Kerrigan,7,23,RDE,KerrRy00
Ryan Kerrigan,3,32,DE,KerrRy00
Ryan Kerrigan,2,33,DE,KerrRy00
Darius Kilgo,1,24,DE,KilgDa01
Darius Kilgo,1,25,DE,KilgDa01
Darius Kilgo,1,27,DE,KilgDa01
Kenny King,1,22,DE,KingKe20
Mathias Kiwanuka,5,23,RDE,KiwaMa20
Mathias Kiwanuka,9,25,RDE,KiwaMa20
Mathias Kiwanuka,3,26,RDE,KiwaMa20
Mathias Kiwanuka,6,30,RDE,KiwaMa20
Mathias Kiwanuka,5,31,LDE,KiwaMa20
Paul Kruger,1,23,DE,KrugPa99
Paul Kruger,1,24,DE,KrugPa99
Paul Kruger,2,25,DE,KrugPa99
Paul Kruger,5,30,LDE,KrugPa99
Travis LaBoy,2,23,DE,LaBoTr20
Travis LaBoy,4,24,RDE,LaBoTr20
Travis LaBoy,4,25,RDE,LaBoTr20
Travis LaBoy,2,26,DE,LaBoTr20
Travis LaBoy,5,27,RDE,LaBoTr20
Travis LaBoy,2,29,DE,LaBoTr20
Austen Lane,3,23,RDE,LaneAu99
Austen Lane,3,25,RDE,LaneAu99
Kendall Langford,6,22,LDE,LangKe98
Kendall Langford,5,23,LDE,LangKe98
Kendall Langford,8,24,LDE,LangKe98
Kendall Langford,6,25,LDE,LangKe98
Kendall Langford,3,28,DE,LangKe98
Kendall Langford,7,29,LDE,LangKe98
Justin Lawler,1,24,DE,LawlJu00
Manny Lawson,2,30,DE,LawsMa20
Corey Lemonier,1,22,DE,LemoCo00
Corey Lemonier,1,23,DE,LemoCo00
Corey Lemonier,1,24,DE,LemoCo00
Corey Lemonier,1,25,DE,LemoCo00
Sean Lissemore,2,24,DE,LissSe99
Sean Lissemore,3,26,DE,LissSe99
Corey Liuget,5,21,RDE,LiugCo00
Corey Liuget,8,22,RDE,LiugCo00
Corey Liuget,7,23,RDE,LiugCo00
Corey Liuget,8,24,RDE,LiugCo00
Corey Liuget,5,25,RDE,LiugCo00
Corey Liuget,7,26,RDE/LDE,LiugCo00
Chris Long,6,23,RDE,LongCh99
Chris Long,3,24,DE,LongCh99
Chris Long,9,25,LDE,LongCh99
Chris Long,7,26,LDE,LongCh99
Chris Long,8,27,LDE,LongCh99
Chris Long,8,28,LDE,LongCh99
Chris Long,3,30,LDE,LongCh99
Chris Long,6,31,LDE,LongCh99
Chris Long,3,32,DE,LongCh99
Chris Long,2,33,DE,LongCh99
Erik Lorig,1,24,DE,LoriEr99
Aaron Lynch,3,21,DE,LyncAa00
Aaron Lynch,3,25,DE,LyncAa00
Aaron Lynch,1,26,DE,LyncAa00
Aaron Lynch,1,27,DE,LyncAa00
Josh Mallard,2,23,DE,MallJo20
Josh Mallard,2,27,DE,MallJo20
Josh Mallard,1,28,DE,MallJo20
Stansly Maponga,1,22,DE,MapoSt00
Stansly Maponga,1,23,DE,MapoSt00
Sen'Derrick Marks,7,26,RDE,MarkSe99
Cassius Marsh,2,23,DE,MarsCa00
Cassius Marsh,3,24,DE,MarsCa00
Cassius Marsh,3,25,DE,MarsCa00
Cassius Marsh,3,26,DE,MarsCa00
Cassius Marsh,2,27,DE,MarsCa00
Cassius Marsh,1,28,DE,MarsCa00
Kareem Martin,2,22,DE,MartKa00
Kareem Martin,2,23,DE,MartKa00
Kareem Martin,1,24,DE,MartKa00
Vaughn Martin,5,25,LDE,MartVa99
Vaughn Martin,5,26,LDE,MartVa99
Jonathan Massaquoi,1,24,DE,MassJo00
Jonathan Massaquoi,3,25,DE,MassJo00
Jonathan Massaquoi,2,26,DE,MassJo00
Ricardo Mathews,3,25,RDE,MathRi99
Ricardo Mathews,3,29,LDE,MathRi99
Robert Mathis,2,22,DE,MathRo20
Robert Mathis,3,23,DE,MathRo20
Robert Mathis,3,24,DE,MathRo20
Robert Mathis,7,25,LDE,MathRo20
Robert Mathis,6,26,LDE,MathRo20
Robert Mathis,7,27,DE,MathRo20
Robert Mathis,7,28,LDE,MathRo20
Robert Mathis,10,29,LDE,MathRo20
Robert Mathis,7,30,LDE,MathRo20
Cliff Matthews,1,23,DE,MattCl01
Cliff Matthews,1,24,DE,MattCl01
Aaron Maybin,1,21,DE,MaybAa99
Aaron Maybin,1,22,DE,MaybAa99
Aaron Maybin,2,23,DE,MaybAa99
Aaron Maybin,1,24,DE,MaybAa99
Ryan McBean,6,25,LDE,McBeRy99
Turk McBride,4,23,LDE,McBrTu99
Turk McBride,4,25,RDE,McBrTu99
Shea McClellin,2,23,DE,McClSh00
Shea McClellin,4,24,LDE,McClSh00
Shea McClellin,4,27,DE,McClSh00
Stanley McClover,1,23,DE,McClSt20
Gerald McCoy,6,31,LDE,McCoGe99
Bobby McCray,5,23,LDE,McCrBo20
Bobby McCray,3,24,DE,McCrBo20
Bobby McCray,8,25,LDE/RDE,McCrBo20
Bobby McCray,4,26,LDE,McCrBo20
Bobby McCray,5,27,LDE,McCrBo20
Bobby McCray,1,28,DE,McCrBo20
Ray McDonald,1,23,DE,McDoRa99
Ray McDonald,4,24,LDE,McDoRa99
Ray McDonald,3,25,DE,McDoRa99
Ray McDonald,2,26,DE,McDoRa99
Ray McDonald,9,27,LDE,McDoRa99
Ray McDonald,7,28,LDE,McDoRa99
Ray McDonald,7,29,LDE,McDoRa99
Ray McDonald,7,30,LDE,McDoRa99
Jerome McDougle,1,25,DE,McDoJe20
Jerome McDougle,1,26,DE,McDoJe20
Jerome McDougle,1,28,DE,McDoJe20
Stacy McGee,5,27,LDE,McGeSt01
Takkarist McKinley,2,22,DE,McKiTa00
Takkarist McKinley,4,23,RDE,McKiTa00
Takkarist McKinley,6,24,LDE,McKiTa00
Takkarist McKinley,2,26,DE,McKiTa00
David McMillan,1,25,DE,McMiDa20
David McMillan,1,26,DE,McMiDa20
Pernell McPhee,3,23,DE,McPhPe00
Pernell McPhee,4,24,RDE,McPhPe00
Pernell McPhee,2,25,DE,McPhPe00
Pernell McPhee,2,26,DE,McPhPe00
Pernell McPhee,1,28,DE,McPhPe00
Pernell McPhee,3,29,DE,McPhPe00
Pernell McPhee,1,30,DE,McPhPe00
Pernell McPhee,1,33,DE,McPhPe00
Steven Means,1,23,DE,MeanSt00
Steven Means,1,26,DE,MeanSt00
Steven Means,2,28,DE,MeanSt00
Steven Means,5,30,LDE,MeanSt00
Henry Melton,2,24,DE,MeltHe99
Henry Melton,3,28,DE,MeltHe99
Henry Melton,2,29,DE,MeltHe99
Whitney Mercilus,3,22,DE,MercWh00
Whitney Mercilus,1,31,DE,MercWh00
Phillip Merling,3,23,DE,MerlPh99
Phillip Merling,2,24,DE,MerlPh99
Phillip Merling,1,26,DE,MerlPh99
Brian Mihalik,4,25,DE,MihaBr00
Jeremy Mincey,3,27,LDE,MincJe99
Jeremy Mincey,10,28,RDE,MincJe99
Jeremy Mincey,7,29,LDE,MincJe99
Jeremy Mincey,1,30,DE,MincJe99
Jeremy Mincey,7,31,RDE,MincJe99
Jeremy Mincey,3,32,RDE/LDE,MincJe99
Fili Moala,3,27,RDE,MoalFi99
Fili Moala,4,28,RDE,MoalFi99
Mike Montgomery,4,25,RDE,MontMi20
Damontre Moore,1,21,DE,MoorDa01
Damontre Moore,2,22,DE,MoorDa01
Damontre Moore,1,23,DE,MoorDa01
Damontre Moore,1,28,DE,MoorDa01
Eric Moore,1,24,DE,MoorEr21
Kyle Moore,1,23,DE,MoorKy99
Kyle Moore,3,26,RDE,MoorKy99
Zach Moore,1,24,DE,MoorZa00
Zach Moore,2,28,DE,MoorZa00
Derrick Morgan,5,22,LDE,MorgDe99
Derrick Morgan,6,23,LDE,MorgDe99
Derrick Morgan,7,24,LDE,MorgDe99
Quentin Moses,1,25,DE,MoseQu99
Quentin Moses,1,26,DE,MoseQu99
Quentin Moses,2,27,DE,MoseQu99
Avery Moss,2,23,DE,MossAv00
Avery Moss,2,25,LDE,MossAv00
Jarvis Moss,1,24,DE,MossJa99
Jarvis Moss,1,27,DE,MossJa99
Trent Murphy,6,28,LDE,MurpTr00
Trent Murphy,12,29,LDE,MurpTr00
Trent Murphy,5,30,LDE,MurpTr00
Carl Nassib,2,23,DE,NassCa00
Carl Nassib,5,24,LDE/RDE,NassCa00
Carl Nassib,5,25,LDE,NassCa00
Carl Nassib,3,27,LDE,NassCa00
Carl Nassib,1,28,DE,NassCa00
Haloti Ngata,7,23,RDE,NgatHa20
Haloti Ngata,12,25,LDE,NgatHa20
Haloti Ngata,17,26,LDE,NgatHa20
Haloti Ngata,19,27,LDE,NgatHa20
Haloti Ngata,13,28,LDE,NgatHa20
Haloti Ngata,6,30,LDE,NgatHa20
Rob Ninkovich,2,25,DE,NinkRo20
Rob Ninkovich,9,28,LDE,NinkRo20
Rob Ninkovich,9,29,LDE,NinkRo20
Rob Ninkovich,10,30,LDE,NinkRo20
Rob Ninkovich,9,31,LDE,NinkRo20
Owamagbe Odighizuwa,1,24,DE,OdigOw00
Antwan Odom,3,23,LDE,OdomAn20
Antwan Odom,5,24,RDE,OdomAn20
Antwan Odom,8,26,LDE,OdomAn20
Antwan Odom,4,27,RDE,OdomAn20
Jared Odrick,5,24,LDE,OdriJa99
Jared Odrick,7,25,LDE,OdriJa99
Jared Odrick,7,28,RDE,OdriJa99
Alex Okafor,2,25,DE,OkafAl00
Alex Okafor,5,26,RDE,OkafAl00
Alex Okafor,7,27,RDE,OkafAl00
Alex Okafor,4,28,LDE,OkafAl00
Alex Okafor,1,29,DE,OkafAl00
Alex Okafor,1,30,DE,OkafAl00
Melvin Oliver,5,23,RDE,OlivMe20
Igor Olshansky,7,22,RDE,OlshIg20
Igor Olshansky,5,23,RDE,OlshIg20
Igor Olshansky,6,24,RDE,OlshIg20
Igor Olshansky,8,25,LDE,OlshIg20
Igor Olshansky,6,26,LDE,OlshIg20
Igor Olshansky,7,27,RDE,OlshIg20
Igor Olshansky,5,28,RDE,OlshIg20
Nate Orchard,2,24,DE,OrchNa00
Calvin Pace,5,23,RDE,PaceCa20
Calvin Pace,2,24,DE,PaceCa20
Jeoffrey Pagan,1,21,DE,PagaJe00
Anton Palepoi,1,24,DE,PaleAn20
Anton Palepoi,2,26,DE,PaleAn20
Elton Patterson,1,23,DE,PattEl20
Julius Peppers,8,22,LDE,PeppJu99
Julius Peppers,9,23,LDE,PeppJu99
Julius Peppers,15,24,LDE,PeppJu99
Julius Peppers,13,25,LDE,PeppJu99
Julius Peppers,18,26,LDE,PeppJu99
Julius Peppers,7,27,LDE,PeppJu99
Julius Peppers,13,28,RDE,PeppJu99
Julius Peppers,15,29,RDE,PeppJu99
Julius Peppers,18,30,RDE,PeppJu99
Julius Peppers,12,31,RDE,PeppJu99
Julius Peppers,17,32,RDE,PeppJu99
Julius Peppers,6,33,RDE,PeppJu99
Julius Peppers,4,37,LDE,PeppJu99
Julius Peppers,4,38,RDE,PeppJu99
Nick Perry,3,24,DE,PerrNi00
Nick Perry,2,25,DE,PerrNi00
Greg Peterson,2,23,DE,PeteGr99
Kenny Peterson,1,26,DE,PeteKe21
Kenny Peterson,6,31,RDE,PeteKe21
Kenneth Pettway,1,25,DE,PettKe20
Kenneth Pettway,1,26,DE,PettKe20
Shaun Phillips,2,23,DE,PhilSh20
Shaun Phillips,3,24,DE,PhilSh20
Shaun Phillips,7,32,RDE,PhilSh20
Shaun Phillips,1,33,DE,PhilSh20
Jason Pierre-Paul,3,21,DE,PierJa99
Jason Pierre-Paul,14,22,RDE,PierJa99
Jason Pierre-Paul,10,23,RDE,PierJa99
Jason Pierre-Paul,4,24,RDE,PierJa99
Jason Pierre-Paul,9,25,RDE,PierJa99
Jason Pierre-Paul,3,26,RDE,PierJa99
Jason Pierre-Paul,7,27,LDE,PierJa99
Jason Pierre-Paul,7,28,LDE,PierJa99
Jason Pierre-Paul,8,29,RDE,PierJa99
Ty Powell,1,26,DE,PoweTy00
Robert Quinn,2,21,DE,QuinRo00
Robert Quinn,7,22,RDE,QuinRo00
Robert Quinn,16,23,RDE,QuinRo00
Robert Quinn,12,24,RDE,QuinRo00
Robert Quinn,4,25,RDE,QuinRo00
Robert Quinn,4,26,RDE,QuinRo00
Robert Quinn,6,28,RDE,QuinRo00
Robert Quinn,8,29,RDE,QuinRo00
B.J. Raji,6,27,LDE,RajiBJ99
Jay Ratliff,2,25,DE,RatlJa20
Cory Redding,1,23,DE,ReddCo20
Cory Redding,7,24,LDE,ReddCo20
Cory Redding,7,25,LDE,ReddCo20
Cory Redding,7,26,RDT/LDE,ReddCo20
Cory Redding,3,29,DE,ReddCo20
Cory Redding,7,30,RDE,ReddCo20
Cory Redding,7,31,RDE,ReddCo20
Cory Redding,6,32,LDE,ReddCo20
Cory Redding,7,33,LDE,ReddCo20
Cory Redding,7,34,LDE,ReddCo20
Cory Redding,2,35,DE,ReddCo20
Brooks Reed,4,29,LDE,ReedBr00
Brooks Reed,6,30,LDE,ReedBr00
Brooks Reed,3,31,RDE,ReedBr00
Nick Reed,2,22,DE,ReedNi99
Nick Reed,1,24,DE,ReedNi99
Kendall Reyes,7,24,LDE,ReyeKe00
Kendall Reyes,6,25,LDE,ReyeKe00
Kendall Reyes,7,26,LDE,ReyeKe00
Jay Richardson,5,23,LDE,RichJa99
Jay Richardson,5,24,LDE,RichJa99
Jay Richardson,1,25,DE,RichJa99
Sheldon Richardson,13,23,RDE,RichSh00
Sheldon Richardson,11,24,RDE,RichSh00
Sheldon Richardson,4,31,RDT/RDE,RichSh00
Ryan Riddle,1,24,DE,RiddRy20
Alton Robinson,1,22,DE,RobiAl03
Alton Robinson,2,23,DE,RobiAl03
Brian Robison,4,24,RDE,RobiBr98
Brian Robison,2,25,DE,RobiBr98
Brian Robison,2,26,DE,RobiBr98
Brian Robison,3,27,DE,RobiBr98
Brian Robison,6,28,LDE,RobiBr98
Brian Robison,7,29,LDE,RobiBr98
Brian Robison,7,30,LDE,RobiBr98
Brian Robison,7,31,LDE,RobiBr98
Brian Robison,8,32,LDE,RobiBr98
Brian Robison,8,33,LDE,RobiBr98
Brian Robison,2,34,DE,RobiBr98
Matt Roth,2,23,DE,RothMa20
Matt Roth,3,24,DE,RothMa20
Matt Roth,4,25,LDE,RothMa20
Matt Roth,5,29,LDE,RothMa20
Ahtyba Rubin,6,27,LDE,RubiAh99
Frostee Rucker,3,25,DE,RuckFr99
Frostee Rucker,2,26,DE,RuckFr99
Frostee Rucker,2,27,DE,RuckFr99
Frostee Rucker,6,28,RDE,RuckFr99
Frostee Rucker,7,29,RDE,RuckFr99
Frostee Rucker,2,30,DE,RuckFr99
Frostee Rucker,5,31,RDE,RuckFr99
Frostee Rucker,6,32,RDE,RuckFr99
Frostee Rucker,2,33,DE,RuckFr99
Frostee Rucker,7,34,RDE,RuckFr99
Frostee Rucker,5,35,LDE,RuckFr99
Ryan Russell,1,24,DE,RussRy00
Ryan Russell,3,25,DE,RussRy00
Bo Schobel,1,24,DE,SchoBo20
Bo Schobel,1,25,DE,SchoBo20
Darrion Scott,1,23,DE,ScotDa20
Darrion Scott,7,24,LDE/RDE,ScotDa20
Darrion Scott,7,25,LDE,ScotDa20
Trevor Scott,2,24,DE,ScotTr99
Trevor Scott,4,26,RDE,ScotTr99
Trevor Scott,1,27,DE,ScotTr99
Trevor Scott,2,28,DE,ScotTr99
Greg Scruggs,1,22,DE,ScruGr00
George Selvie,2,23,DE,SelvGe99
George Selvie,1,24,DE,SelvGe99
George Selvie,1,25,DE,SelvGe99
George Selvie,6,26,LDE,SelvGe99
George Selvie,6,27,LDE,SelvGe99
George Selvie,2,28,DE,SelvGe99
Matt Shaughnessy,2,23,DE,ShauMa99
Matt Shaughnessy,5,24,RDE,ShauMa99
Matt Shaughnessy,6,26,RDE,ShauMa99
Jabaal Sheard,9,22,LDE,SheaJa00
Jabaal Sheard,8,23,LDE,SheaJa00
Jabaal Sheard,3,26,DE,SheaJa00
Jabaal Sheard,6,27,RDE,SheaJa00
Jabaal Sheard,9,29,LDE/RDE,SheaJa00
Jabaal Sheard,5,30,RDE,SheaJa00
Jabaal Sheard,2,31,DE,SheaJa00
Lawrence Sidbury,2,23,DE,SidbLa99
Lawrence Sidbury,2,25,DE,SidbLa99
Lawrence Sidbury,1,26,DE,SidbLa99
John Simon,1,24,DE,SimoJo01
John Simon,2,28,DE,SimoJo01
John Simon,11,29,RDE,SimoJo01
John Simon,9,30,RDE,SimoJo01
Eugene Sims,5,29,RDE,SimsEu99
Eugene Sims,5,30,RDE,SimsEu99
Aldon Smith,3,22,DE,SmitAl04
Aldon Smith,8,31,RDE,SmitAl04
Antonio Smith,4,24,RDE,SmitAn22
Antonio Smith,4,25,RDE,SmitAn22
Antonio Smith,7,26,LDE,SmitAn22
Antonio Smith,5,27,LDE,SmitAn22
Antonio Smith,8,28,LDE,SmitAn22
Antonio Smith,6,29,LDE,SmitAn22
Antonio Smith,11,30,RDE,SmitAn22
Antonio Smith,8,31,RDE,SmitAn22
Antonio Smith,7,32,RDE,SmitAn22
Antonio Smith,2,34,DE,SmitAn22
Antonio Smith,1,35,DE,SmitAn22
Chris Smith,2,25,DE,SmitCh03
Chris Smith,2,26,DE,SmitCh03
Chris Smith,1,27,DE,SmitCh03
Chris Smith,1,28,DE,SmitCh03
Quanterus Smith,1,25,DE,SmitQu00
Will Smith,4,23,DE,SmitWi99
Will Smith,6,24,LDE,SmitWi99
Will Smith,11,25,RDE,SmitWi99
Will Smith,8,26,RDE,SmitWi99
Will Smith,7,27,RDE,SmitWi99
Will Smith,8,28,RDE,SmitWi99
Will Smith,7,29,RDE,SmitWi99
Will Smith,6,31,RDE,SmitWi99
Paul Soliai,5,32,RDE,SoliPa99
Scott Solomon,1,24,DE,SoloSc00
Scott Solomon,1,26,DE,SoloSc00
Isaac Sopoaga,8,28,LDE,SopoIs20
Isaac Sopoaga,7,29,LDE,SopoIs20
Marcus Spears,6,22,LDE,SpeaMa21
Marcus Spears,6,23,LDE,SpeaMa21
Marcus Spears,6,24,LDE,SpeaMa21
Marcus Spears,7,25,LDE,SpeaMa21
Marcus Spears,7,26,LDE,SpeaMa21
Marcus Spears,3,27,LDE,SpeaMa21
Marcus Spears,3,28,RDE,SpeaMa21
Marcus Spears,3,29,LDE,SpeaMa21
Anthony Spencer,1,24,DE,SpenAn99
Anthony Spencer,2,30,DE,SpenAn99
Randy Starks,7,26,RDE,StarRa20
Randy Starks,10,27,RDE,StarRa20
Randy Starks,9,28,RDE,StarRa20
Ed Stinson,2,24,DE,StinEd00
Ed Stinson,2,25,DE,StinEd00
Jason Strowbridge,1,24,DE,StroJa02
Terrell Suggs,10,23,RDE,SuggTe99
Terrell Suggs,13,24,RDE/LOLB,SuggTe99
Ndamukong Suh,9,32,LDE,SuhxNd99
Ndamukong Suh,8,33,LDE,SuhxNd99
Ndamukong Suh,8,34,LDE,SuhxNd99
Will Sutton,4,24,LDE,SuttWi00
Darryl Tapp,3,22,DE,TappDa20
Darryl Tapp,9,23,RDE,TappDa20
Darryl Tapp,6,24,LDE,TappDa20
Darryl Tapp,4,25,RDE,TappDa20
Darryl Tapp,3,26,DE,TappDa20
Darryl Tapp,2,27,DE,TappDa20
Darryl Tapp,1,28,DE,TappDa20
Darryl Tapp,1,29,DE,TappDa20
Darryl Tapp,2,30,DE,TappDa20
Darryl Tapp,2,31,DE,TappDa20
Darryl Tapp,2,32,DE,TappDa20
Devin Taylor,2,24,DE,TaylDe00
Devin Taylor,2,25,DE,TaylDe00
Devin Taylor,2,26,DE,TaylDe00
Devin Taylor,7,27,LDE,TaylDe00
Daniel Te'o-Nesheim,7,26,RDE,Teo-Da99
Daniel Te'o-Nesheim,4,27,LDE,Teo-Da99
Bryan Thomas,1,23,DE,ThomBr21
Bryan Thomas,5,24,RDE,ThomBr21
Bryan Thomas,5,25,RDE,ThomBr21
Bryan Thomas,3,26,DE,ThomBr21
Bryan Thomas,8,27,RDE,ThomBr21
Cam Thomas,4,28,RDE,ThomCa99
Chad Thomas,5,24,LDE,ThomCh06
Marcus Thomas,5,26,RDE,ThomMa99
Jeremy Thompson,1,23,DE,ThomJe99
Dave Tollefson,2,26,DE,TollDa99
Dave Tollefson,1,27,DE,TollDa99
Dave Tollefson,1,28,DE,TollDa99
Dave Tollefson,2,29,DE,TollDa99
Dave Tollefson,1,30,DE,TollDa99
Justin Tuck,2,22,DE,TuckJu20
Justin Tuck,4,24,DE,TuckJu20
Justin Tuck,19,25,LDE,TuckJu20
Justin Tuck,6,26,LDE,TuckJu20
Justin Tuck,15,27,LDE,TuckJu20
Justin Tuck,5,28,LDE,TuckJu20
Justin Tuck,6,29,LDE,TuckJu20
Justin Tuck,9,30,LDE,TuckJu20
Justin Tuck,6,31,LDE,TuckJu20
Stephon Tuitt,3,21,DE,TuitSt00
Stephon Tuitt,8,22,RDE,TuitSt00
Stephon Tuitt,7,23,RDE,TuitSt00
Stephon Tuitt,6,24,RDE,TuitSt00
Stephon Tuitt,7,25,RDE,TuitSt00
Stephon Tuitt,9,27,DE,TuitSt00
Derrek Tuszka,1,24,DE,TuszDe00
Derrek Tuszka,1,25,DE,TuszDe00
Kenechi Udeze,5,21,RDE,UdezKe20
Kenechi Udeze,8,23,RDE,UdezKe20
Kenechi Udeze,7,24,LDE,UdezKe20
Osi Umenyiora,2,22,DE,UmenOs99
Osi Umenyiora,6,23,RDE,UmenOs99
Osi Umenyiora,17,24,RDE,UmenOs99
Osi Umenyiora,5,25,RDE,UmenOs99
Osi Umenyiora,12,26,RDE,UmenOs99
Osi Umenyiora,5,28,RDE,UmenOs99
Osi Umenyiora,13,29,RDE,UmenOs99
Osi Umenyiora,3,30,RDE,UmenOs99
Osi Umenyiora,3,31,DE,UmenOs99
Osi Umenyiora,6,32,RDE,UmenOs99
Osi Umenyiora,2,33,DE,UmenOs99
Demetrin Veal,2,24,DE,VealDe20
Demetrin Veal,2,25,DE,VealDe20
David Veikune,1,24,DE,VeikDa99
Olivier Vernon,8,23,RDE,VernOl00
Olivier Vernon,6,24,RDE,VernOl00
Olivier Vernon,7,25,RDE,VernOl00
Olivier Vernon,14,26,RDE,VernOl00
Olivier Vernon,5,27,RDE,VernOl00
Olivier Vernon,5,29,RDE,VernOl00
Olivier Vernon,6,30,RDE,VernOl00
Kevin Vickerson,4,27,LDE,VickKe99
Erik Walden,1,23,DE,WaldEr99
Erik Walden,1,24,DE,WaldEr99
Erik Walden,2,25,DE,WaldEr99
Erik Walden,6,29,RDE,WaldEr99
Erik Walden,6,30,RDE,WaldEr99
Erik Walden,2,32,DE,WaldEr99
Vance Walker,6,26,LDT/LDE,WalkVa99
Matt Walters,1,24,DE,WaltMa20
DeMarcus Ware,5,31,RDE,WareDe99
DeMarcus Ware,10,32,RDE,WareDe99
Ty Warren,8,23,LDE,WarrTy20
Ty Warren,7,24,LDE,WarrTy20
Ty Warren,11,25,LDE,WarrTy20
Ty Warren,8,26,LDE,WarrTy20
Ty Warren,7,27,LDE,WarrTy20
Ty Warren,7,28,LDE,WarrTy20
Adolphus Washington,5,22,RDE,WashAd00
J.J. Watt,10,22,LDE,WattJ.00
J.J. Watt,19,23,LDE,WattJ.00
J.J. Watt,17,24,LDE,WattJ.00
J.J. Watt,23,25,LDE,WattJ.00
J.J. Watt,21,26,RDE,WattJ.00
J.J. Watt,17,29,LDE,WattJ.00
J.J. Watt,4,30,LDE,WattJ.00
J.J. Watt,7,31,LDE,WattJ.00
J.J. Watt,6,33,DE,WattJ.00
Stephen Weatherly,5,24,RDE,WeatSt00
Stephen Weatherly,4,26,RDE,WeatSt00
Anthony Weaver,7,22,LDE,WeavAn20
Anthony Weaver,9,23,LDE,WeavAn20
Anthony Weaver,9,24,LDE,WeavAn20
Anthony Weaver,5,25,LDE,WeavAn20
Anthony Weaver,6,26,LDE,WeavAn20
Anthony Weaver,5,27,LDE,WeavAn20
Anthony Weaver,6,28,LDE,WeavAn20
Bjoern Werner,2,23,DE,WernBj00
Bjoern Werner,1,25,DE,WernBj00
Guy Whimper,1,23,DE,WhimGu20
Guy Whimper,1,24,DE,WhimGu20
Guy Whimper,2,30,DE,WhimGu20
Dewayne White,2,24,DE,WhitDe20
Dewayne White,4,25,DE,WhitDe20
Dewayne White,4,26,DE,WhitDe20
Dewayne White,5,27,RDE,WhitDe20
Dewayne White,6,28,RDE/LDE,WhitDe20
Dewayne White,4,29,RDE,WhitDe20
Dewayne White,2,30,RDE,WhitDe20
Stylez G. White,3,28,DE,WhitGr99
Stylez G. White,3,29,DE,WhitGr99
Stylez G. White,4,30,RDE,WhitGr99
Stylez G. White,6,31,RDE,WhitGr99
Vince Wilfork,11,29,LDE,WilfVi20
Jimmy Wilkerson,1,22,DE,WilkJi20
Jimmy Wilkerson,1,23,DE,WilkJi20
Jimmy Wilkerson,2,24,DE,WilkJi20
Jimmy Wilkerson,2,25,DE,WilkJi20
Jimmy Wilkerson,2,26,DE,WilkJi20
Jimmy Wilkerson,3,27,DE,WilkJi20
Jimmy Wilkerson,6,28,LDE,WilkJi20
Jimmy Wilkerson,2,29,DE,WilkJi20
Muhammad Wilkerson,8,22,LDE,WilkMu00
Muhammad Wilkerson,9,23,LDE,WilkMu00
Muhammad Wilkerson,13,24,LDE,WilkMu00
Muhammad Wilkerson,6,25,LDE,WilkMu00
Muhammad Wilkerson,16,26,LDE,WilkMu00
Muhammad Wilkerson,7,27,RDE,WilkMu00
Muhammad Wilkerson,6,28,RDE,WilkMu00
Brandon Williams,6,28,LDE,WillBr02
Brandon Williams,12,29,LDE,WillBr02
Brandon Williams,7,30,LDE,WillBr02
Corey Williams,7,28,LDE,WillCo21
Kevin Williams,7,23,LDE,WillKe98
Kyle Williams,9,33,LDE,WillKy20
Mario Williams,6,21,RDE,WillMa22
Mario Williams,11,22,RDE,WillMa22
Mario Williams,10,23,RDE,WillMa22
Mario Williams,11,24,RDE,WillMa22
Mario Williams,5,25,RDE,WillMa22
Mario Williams,7,27,LDE,WillMa22
Mario Williams,13,28,RDE,WillMa22
Mario Williams,19,29,LDE,WillMa22
Mario Williams,7,30,LDE,WillMa22
Mario Williams,3,31,RDE,WillMa22
Melvin Williams,2,24,DE,WillMe20
Sam Williams,2,24,DE,WillSa22
Sam Williams,2,27,DE,WillSa22
Sam Williams,2,28,DE,WillSa22
Sam Williams,2,29,DE,WillSa22
Sam Williams,1,30,DE,WillSa22
Tim Williams,1,24,DE,WillTi00
Jordan Willis,1,27,DE,WillJo09
C.J. Wilson,2,23,DE,WilsC.98
C.J. Wilson,2,24,DE,WilsC.98
C.J. Wilson,3,25,RDE,WilsC.98
C.J. Wilson,1,26,DE,WilsC.98
C.J. Wilson,4,27,RDE,WilsC.98
C.J. Wilson,2,28,DE,WilsC.98
Kamerion Wimbley,6,29,RDE,WimbKa20
Kamerion Wimbley,2,30,DE,WimbKa20
Billy Winn,4,25,LDE,WinnBi00
Derek Wolfe,8,22,LDE,WolfDe00
Derek Wolfe,5,23,LDE,WolfDe00
Derek Wolfe,7,24,LDE,WolfDe00
Derek Wolfe,7,25,LDE,WolfDe00
Derek Wolfe,7,26,LDE,WolfDe00
Derek Wolfe,5,27,LDE,WolfDe00
Derek Wolfe,8,28,LDE,WolfDe00
Derek Wolfe,7,29,RDE,WolfDe00
Derek Wolfe,5,30,RDE,WolfDe00
LaMarr Woodley,1,23,DE,WoodLa99
Corey Wootton,5,25,LDE,WootCo99
Corey Wootton,2,27,DE,WootCo99
Jason Worilds,2,22,DE,WoriJa99
Jason Worilds,3,24,DE,WoriJa99
Jarius Wynn,1,23,DE,WynnJa99
Jarius Wynn,1,24,DE,WynnJa99
Jarius Wynn,3,25,DE,WynnJa99
Jarius Wynn,1,27,DE,WynnJa99
Jarius Wynn,2,28,DE,WynnJa99
Willie Young,1,26,DE,YounWi99
Willie Young,1,27,DE,YounWi99
Willie Young,8,28,RDE,YounWi99
Willie Young,4,29,LDE,YounWi99
Anthony Zettel,1,24,DE,ZettAn00
Anthony Zettel,7,25,LDE,ZettAn00
Anthony Zettel,1,26,DE,ZettAn00
Jabari Zuniga,1,23,DE,ZuniJa00