Player,AV,Age,Pos,-9999
Oday Aboushi,5,23,LG,AbouOd00
Oday Aboushi,4,26,RG,AbouOd00
Oday Aboushi,2,27,RG,AbouOd00
Oday Aboushi,4,29,RG,AbouOd00
Oday Aboushi,3,31,G,AbouOd00
Hakeem Adeniji,4,24,RG,AdenHa00
Vadal Alexander,3,23,G,AlexVa00
Andy Alleman,3,25,G,AlleAn20
Andy Alleman,2,26,G,AlleAn20
Jeff Allen,4,22,LG,AlleJe01
Jeff Allen,7,23,LG,AlleJe01
Jeff Allen,5,25,LG,AlleJe01
Jeff Allen,5,26,RG,AlleJe01
Eugene Amano,3,25,RG,AmanEu20
Eugene Amano,7,26,LG,AmanEu20
Eugene Amano,7,27,LG,AmanEu20
Shawn Andrews,6,23,RG,AndrSh55
Shawn Andrews,16,24,RG,AndrSh55
Shawn Andrews,9,25,RG,AndrSh55
Stacy Andrews,5,29,RG,AndrSt21
Jon Asamoah,1,22,G,AsamJo20
Jon Asamoah,5,23,RG,AsamJo20
Jon Asamoah,4,24,RG,AsamJo20
Jon Asamoah,5,25,RG,AsamJo20
Jon Asamoah,8,26,RG,AsamJo20
David Baas,2,24,RG,BaasDa20
David Baas,1,25,G,BaasDa20
David Baas,3,26,RG,BaasDa20
David Baas,5,27,LG,BaasDa20
David Baas,7,28,LG,BaasDa20
Allen Barbre,7,31,LG,BarbAl20
Allen Barbre,6,32,LG,BarbAl20
Khalif Barnes,6,31,LT/LG,BarnKh20
Khalif Barnes,4,32,RT/LG,BarnKh20
Zane Beadles,7,24,LG/RT,BeadZa20
Zane Beadles,6,25,LG,BeadZa20
Zane Beadles,11,26,LG,BeadZa20
Zane Beadles,11,27,LG,BeadZa20
Zane Beadles,6,28,LG,BeadZa20
Zane Beadles,8,29,LG,BeadZa20
Zane Beadles,7,30,LG,BeadZa20
Zane Beadles,3,32,RG,BeadZa20
Josh Beekman,7,25,LG,BeekJo20
Josh Beekman,3,26,G,BeekJo20
Jacob Bell,7,23,LG,BellJa20
Jacob Bell,1,24,G,BellJa20
Jacob Bell,6,25,LG,BellJa20
Jacob Bell,7,26,LG,BellJa20
Jacob Bell,4,27,LG,BellJa20
Jacob Bell,3,28,LG,BellJa20
Jacob Bell,6,29,LG,BellJa20
Jacob Bell,3,30,LG,BellJa20
Caleb Benenoch,8,24,RG,BeneCa00
LeCharles Bentley,7,23,RG,BentLe00
LeCharles Bentley,9,24,RG,BentLe00
Joe Berger,4,29,RG,BergJo20
Joe Berger,4,32,RG,BergJo20
Joe Berger,9,35,RG,BergJo20
Tony Bergstrom,4,32,RG,BergTo00
Mackenzy Bernadeau,4,23,LG,BernMa20
Mackenzy Bernadeau,4,24,LG/RG,BernMa20
Mackenzy Bernadeau,2,25,G,BernMa20
Mackenzy Bernadeau,8,26,RG,BernMa20
Mackenzy Bernadeau,6,27,RG,BernMa20
Mackenzy Bernadeau,2,28,G,BernMa20
Mackenzy Bernadeau,1,29,G,BernMa20
Martin Bibla,1,23,G,BiblMa20
Martin Bibla,1,24,G,BiblMa20
Martin Bibla,1,25,G,BiblMa20
Justin Blalock,5,24,LG,BlalJu20
Justin Blalock,8,25,LG,BlalJu20
Justin Blalock,9,26,LG,BlalJu20
Justin Blalock,8,27,LG,BlalJu20
Justin Blalock,9,28,LG,BlalJu20
Justin Blalock,10,29,LG,BlalJu20
Justin Blalock,8,30,LG,BlalJu20
Justin Blalock,8,31,LG,BlalJu20
Austin Blythe,11,26,RG,BlytAu00
Austin Blythe,8,27,RG/C,BlytAu00
Austin Blythe,8,30,G,BlytAu00
Evan Boehm,4,24,RG,BoehEv00
Evan Boehm,4,26,RG,BoehEv00
Clint Boling,8,23,LG,BoliCl00
Clint Boling,7,24,LG,BoliCl00
Clint Boling,8,25,LG,BoliCl00
Clint Boling,9,26,LG,BoliCl00
Clint Boling,6,27,LG,BoliCl00
Clint Boling,6,28,LG,BoliCl00
Clint Boling,8,29,LG,BoliCl00
Kevin Boothe,3,23,RG,BootKe20
Kevin Boothe,3,27,LG,BootKe20
Kevin Boothe,9,29,LG,BootKe20
Kevin Boothe,6,30,LG,BootKe20
James Brewer,3,26,LG,BrewJa00
Jeremy Bridges,3,24,RG,BridJe20
Jeremy Bridges,4,27,RG,BridJe20
Jeremy Bridges,3,30,RG,BridJe20
Justin Britt,9,24,LG,BritJu00
Eben Britton,2,25,LG,BritEb20
Brandon Brooks,6,24,RG,BrooBr00
Brandon Brooks,7,25,RG,BrooBr00
Brandon Brooks,6,26,RG,BrooBr00
Brandon Brooks,7,27,RG,BrooBr00
Brandon Brooks,11,28,RG,BrooBr00
Brandon Brooks,10,29,RG,BrooBr00
Brandon Brooks,10,30,RG,BrooBr00
Elton Brown,4,23,RG,BrowEl20
Elton Brown,1,26,G,BrowEl20
Jamon Brown,3,22,LG,BrowJa04
Jamon Brown,8,24,RG,BrowJa04
Jamon Brown,4,25,RG,BrowJa04
Jamon Brown,5,26,RG,BrowJa04
Jason Brown,6,23,LG,BrowJa23
Jason Brown,6,24,LG,BrowJa23
Jason Brown,4,28,C/RG,BrowJa23
Milford Brown,5,25,LG,BrowMi21
Milford Brown,6,26,LG,BrowMi21
Milford Brown,5,27,LG,BrowMi21
Dan Buenning,7,24,LG,BuenDa20
Dan Buenning,2,25,LG,BuenDa20
Dan Buenning,1,27,G,BuenDa20
Jermon Bushrod,7,32,RG,BushJe20
Jermon Bushrod,4,33,RG,BushJe20
Brad Butler,6,24,RG,ButlBr20
Brad Butler,6,25,RG,ButlBr20
Antoine Caldwell,5,24,RG,CaldAn20
Antoine Caldwell,3,26,RG,CaldAn20
A.J. Cann,7,24,RG,CannA.00
A.J. Cann,7,25,RG,CannA.00
A.J. Cann,8,26,RG,CannA.00
A.J. Cann,5,27,RG,CannA.00
A.J. Cann,7,28,RG,CannA.00
A.J. Cann,5,29,RG,CannA.00
Vernon Carey,7,30,RG,CareVe20
James Carpenter,6,24,LG,CarpJa00
James Carpenter,8,25,LG,CarpJa00
James Carpenter,8,26,LG,CarpJa00
James Carpenter,6,27,LG,CarpJa00
James Carpenter,7,28,LG,CarpJa00
James Carpenter,4,29,LG,CarpJa00
James Carpenter,6,30,LG,CarpJa00
James Carpenter,7,31,LG,CarpJa00
Chris Chester,2,23,G,ChesCh21
Chris Chester,3,24,RG,ChesCh21
Chris Chester,5,25,RG,ChesCh21
Chris Chester,7,26,RG,ChesCh21
Chris Chester,7,27,RG,ChesCh21
Chris Chester,7,28,RG,ChesCh21
Chris Chester,10,29,RG,ChesCh21
Chris Chester,7,30,RG,ChesCh21
Chris Chester,7,31,RG,ChesCh21
Chris Chester,7,32,RG,ChesCh21
Chris Chester,11,33,RG,ChesCh21
Le'Raven Clark,3,24,RG,ClarLe01
Adrien Clarke,2,24,G,ClarAd20
Adrien Clarke,6,26,LG,ClarAd20
Jeromey Clary,9,30,RG,ClarJe20
Daryn Colledge,6,24,LG,CollDa20
Daryn Colledge,8,25,LG,CollDa20
Daryn Colledge,9,26,LG,CollDa20
Daryn Colledge,11,27,LG,CollDa20
Daryn Colledge,9,28,LG,CollDa20
Daryn Colledge,7,29,LG,CollDa20
Daryn Colledge,5,30,LG,CollDa20
Daryn Colledge,7,31,LG,CollDa20
Daryn Colledge,7,32,LG,CollDa20
Willie Colon,5,29,LG,ColoWi20
Willie Colon,5,30,RG,ColoWi20
Willie Colon,7,31,RG,ColoWi20
Tom Compton,6,29,LG,CompTo00
Tom Compton,2,30,RG,CompTo00
Ryan Cook,3,27,RG,CookRy20
Jonathan Cooper,1,24,G,CoopJo01
Jonathan Cooper,6,25,RG,CoopJo01
Jonathan Cooper,7,27,LG,CoopJo01
Junius Coston,5,24,RG,CostJu20
Joe Dahl,1,25,G,DahlJo00
Joe Dahl,6,26,LG,DahlJo00
Joe Dahl,2,27,G,DahlJo00
Trey Darilek,1,24,G,DariTr20
David DeCastro,7,23,RG,DeCaDa00
David DeCastro,8,24,RG,DeCaDa00
David DeCastro,15,25,RG,DeCaDa00
David DeCastro,12,26,RG,DeCaDa00
David DeCastro,14,27,RG,DeCaDa00
David DeCastro,9,28,RG,DeCaDa00
David DeCastro,8,29,RG,DeCaDa00
David DeCastro,7,30,RG,DeCaDa00
Chris DeGeare,2,23,LG,DeGeCh20
David Diehl,5,23,RG,DiehDa21
David Diehl,9,25,LG,DiehDa21
David Diehl,8,26,LG,DiehDa21
David Diehl,8,31,LG/LT,DiehDa21
David Diehl,4,33,RG,DiehDa21
Derrick Dockery,6,23,LG,DockDe20
Derrick Dockery,5,24,LG,DockDe20
Derrick Dockery,8,25,LG,DockDe20
Derrick Dockery,8,26,LG,DockDe20
Derrick Dockery,6,27,LG,DockDe20
Derrick Dockery,7,28,LG,DockDe20
Derrick Dockery,7,29,LG,DockDe20
Derrick Dockery,2,31,G,DockDe20
Derrick Dockery,2,32,G,DockDe20
Jamil Douglas,3,23,RG,DougJa00
Jamil Douglas,3,27,RG,DougJa00
Jamil Douglas,1,28,G,DougJa00
Dakota Dozier,1,25,G,DoziDa00
Dakota Dozier,2,26,G,DoziDa00
Dakota Dozier,3,28,G,DoziDa00
Dakota Dozier,7,29,LG,DoziDa00
Spencer Drango,4,24,LG,DranSp00
Vlad Ducasse,1,24,G,DucaVl20
Vlad Ducasse,1,25,G,DucaVl20
Vlad Ducasse,2,26,G,DucaVl20
Vlad Ducasse,3,27,RG,DucaVl20
Vlad Ducasse,6,28,RG,DucaVl20
Vlad Ducasse,3,29,RG,DucaVl20
Vlad Ducasse,5,30,RG,DucaVl20
Vlad Ducasse,3,31,LG,DucaVl20
King Dunlap,1,24,G,DunlKi20
King Dunlap,2,26,G,DunlKi20
Laurent Duvernay-Tardif,7,24,RG,DuveLa00
Laurent Duvernay-Tardif,5,25,RG,DuveLa00
Laurent Duvernay-Tardif,6,26,RG,DuveLa00
Laurent Duvernay-Tardif,8,28,RG,DuveLa00
Laurent Duvernay-Tardif,2,30,RG,DuveLa00
Cameron Erving,8,26,LG,ErviCa00
Trai Essex,9,27,RG,EsseTr20
Trai Essex,3,28,RG,EsseTr20
Bobby Evans,1,24,G,EvanBo00
Jahri Evans,8,23,RG,EvanJa21
Jahri Evans,9,24,RG,EvanJa21
Jahri Evans,11,25,RG,EvanJa21
Jahri Evans,18,26,RG,EvanJa21
Jahri Evans,15,27,RG,EvanJa21
Jahri Evans,20,28,RG,EvanJa21
Jahri Evans,16,29,RG,EvanJa21
Jahri Evans,12,30,RG,EvanJa21
Jahri Evans,12,31,RG,EvanJa21
Jahri Evans,7,32,RG,EvanJa21
Jahri Evans,10,33,RG,EvanJa21
Jahri Evans,7,34,RG,EvanJa21
Paul Fanaika,7,27,RG,FanaPa20
Paul Fanaika,6,28,RG,FanaPa20
Ereck Flowers,6,25,LG,FlowEr00
Ereck Flowers,6,26,LG,FlowEr00
Ereck Flowers,7,27,LG,FlowEr00
D.J. Fluker,6,24,RG,FlukDJ00
D.J. Fluker,8,25,RG,FlukDJ00
D.J. Fluker,5,27,RG,FlukDJ00
D.J. Fluker,7,28,RG,FlukDJ00
Toniu Fonoti,6,21,RG,FonoTo20
Toniu Fonoti,10,23,LG,FonoTo20
Melvin Fowler,5,24,C/LG,FowlMe20
Orlando Franklin,9,27,LG,FranOr00
Orlando Franklin,5,28,LG,FranOr00
Orlando Franklin,8,29,LG,FranOr00
Zach Fulton,8,23,RG,FultZa00
Zach Fulton,4,24,RG,FultZa00
Zach Fulton,5,25,LG,FultZa00
Zach Fulton,6,27,RG,FultZa00
Zach Fulton,8,28,RG,FultZa00
Zach Fulton,7,29,RG,FultZa00
Brandon Fusco,7,24,RG,FuscBr00
Brandon Fusco,7,25,RG,FuscBr00
Brandon Fusco,7,27,LG,FuscBr00
Brandon Fusco,6,28,RG,FuscBr00
Brandon Fusco,8,29,RG,FuscBr00
Robert Gallery,7,27,LG,GallRo20
Robert Gallery,6,28,LG,GallRo20
Robert Gallery,6,30,LG,GallRo20
Robert Gallery,5,31,LG,GallRo20
Dylan Gandy,3,23,G,GandDy20
Dylan Gandy,8,24,LG,GandDy20
Dylan Gandy,2,25,G,GandDy20
Dylan Gandy,3,27,RG,GandDy20
Dylan Gandy,1,28,G,GandDy20
Dylan Gandy,2,29,G,GandDy20
Dylan Gandy,1,30,G,GandDy20
Dylan Gandy,1,31,G,GandDy20
Andrew Gardner,4,28,RG,GardAn20
Nate Garner,5,24,LG/RG,GarnNa20
Nate Garner,3,28,LG,GarnNa20
Joshua Garnett,5,22,RG,GarnJo00
Adam Gettis,1,25,G,GettAd00
Mike Gibson,4,25,LG/RG,GibsMi20
Mike Gibson,1,28,G,GibsMi20
Denzelle Good,6,25,RG,GoodDe01
Denzelle Good,3,28,RG,GoodDe01
Denzelle Good,8,29,LG,GoodDe01
Jonathan Goodwin,1,24,G,GoodJo23
Jonathan Goodwin,1,25,G,GoodJo23
Jonathan Goodwin,2,26,G,GoodJo23
Jonathan Goodwin,4,27,LG,GoodJo23
Jonathan Goodwin,1,28,G,GoodJo23
Jonathan Goodwin,2,29,G,GoodJo23
Gino Gradkowski,1,24,G,GradGi00
Gino Gradkowski,1,26,G,GradGi00
Gino Gradkowski,2,28,G,GradGi00
John Greco,5,27,LG,GrecJo20
John Greco,5,28,LG,GrecJo20
John Greco,6,29,RG,GrecJo20
John Greco,6,30,RG,GrecJo20
John Greco,5,31,RG,GrecJo20
Tyronne Green,5,24,RG,GreeTy20
Tyronne Green,5,25,LG,GreeTy20
Tyronne Green,6,26,LG,GreeTy20
Jake Grove,4,24,RG,GrovJa20
Ben Grubbs,5,23,RG,GrubBe20
Ben Grubbs,7,24,LG,GrubBe20
Ben Grubbs,8,25,LG,GrubBe20
Ben Grubbs,8,26,LG,GrubBe20
Ben Grubbs,6,27,LG,GrubBe20
Ben Grubbs,9,28,LG,GrubBe20
Ben Grubbs,11,29,LG,GrubBe20
Ben Grubbs,9,30,LG,GrubBe20
Andre Gurode,4,24,RG/C,GuroAn20
Andre Gurode,6,25,RG,GuroAn20
Andre Gurode,6,26,RG,GuroAn20
Andre Gurode,2,27,G,GuroAn20
Andre Gurode,3,33,LG,GuroAn20
Rex Hadnot,3,22,RG,HadnRe20
Rex Hadnot,7,23,RG,HadnRe20
Rex Hadnot,7,25,RG,HadnRe20
Rex Hadnot,5,26,RG,HadnRe20
Rex Hadnot,2,27,RG,HadnRe20
Rex Hadnot,1,28,G,HadnRe20
Rex Hadnot,7,29,RG,HadnRe20
Rex Hadnot,2,30,G,HadnRe20
Jon Halapio,2,26,RG,HalaJo00
David Hale,1,26,G,HaleDa22
Geoff Hangartner,5,26,C/G,HangGe20
Geoff Hangartner,9,29,RG,HangGe20
Leroy Harris,7,26,LG,HarrLe21
Leroy Harris,7,27,LG,HarrLe21
Leroy Harris,3,28,RG,HarrLe21
Joe Hawley,1,22,G,HawlJo20
Joe Hawley,7,23,RG,HawlJo20
Eric Heitmann,6,22,LG,HeitEr20
Eric Heitmann,5,23,LG,HeitEr20
Eric Heitmann,5,24,LG,HeitEr20
Eric Heitmann,5,25,RG/C,HeitEr20
Todd Herremans,9,24,LG,HerrTo20
Todd Herremans,7,25,LG,HerrTo20
Todd Herremans,8,26,LG,HerrTo20
Todd Herremans,5,27,LG,HerrTo20
Todd Herremans,8,28,LG,HerrTo20
Todd Herremans,7,31,RG,HerrTo20
Todd Herremans,4,32,RG,HerrTo20
Montrae Holland,4,23,LG,HollMo20
Montrae Holland,6,24,RG,HollMo20
Montrae Holland,4,25,RG,HollMo20
Montrae Holland,1,26,G,HollMo20
Montrae Holland,9,27,RG,HollMo20
Montrae Holland,2,30,G,HollMo20
Montrae Holland,6,31,LG,HollMo20
Maurice Hurt,4,24,LG,HurtMa00
Maurice Hurt,2,25,G,HurtMa00
Richie Incognito,5,25,RG,IncoRi20
Richie Incognito,3,26,G,IncoRi20
Richie Incognito,6,27,LG,IncoRi20
Richie Incognito,7,28,LG,IncoRi20
Richie Incognito,9,29,LG,IncoRi20
Richie Incognito,3,30,LG,IncoRi20
Richie Incognito,10,32,LG,IncoRi20
Richie Incognito,11,33,LG,IncoRi20
Richie Incognito,9,34,LG,IncoRi20
Richie Incognito,5,36,LG,IncoRi20
Danny Isidora,2,24,G,IsidDa00
Mike Iupati,7,23,LG,IupaMi20
Mike Iupati,8,24,LG,IupaMi20
Mike Iupati,15,25,LG,IupaMi20
Mike Iupati,8,26,LG,IupaMi20
Mike Iupati,9,27,LG,IupaMi20
Mike Iupati,12,28,LG,IupaMi20
Mike Iupati,7,29,LG,IupaMi20
Mike Iupati,3,31,LG,IupaMi20
Mike Iupati,7,32,LG,IupaMi20
Mike Iupati,5,33,LG,IupaMi20
Gabe Jackson,4,23,LG,JackGa00
Gabe Jackson,7,24,LG,JackGa00
Gabe Jackson,7,25,RG,JackGa00
Gabe Jackson,7,26,RG,JackGa00
Gabe Jackson,5,27,RG,JackGa00
Gabe Jackson,5,28,RG,JackGa00
Gabe Jackson,8,29,RG,JackGa00
Gabe Jackson,7,30,RG,JackGa00
Gabe Jackson,7,31,G,JackGa00
Tre' Jackson,6,23,RG,JackTr00
Max Jean-Gilles,5,25,RG,JeanMa20
Max Jean-Gilles,3,26,RG,JeanMa20
Max Jean-Gilles,6,27,RG,JeanMa20
John Jerry,4,24,RG,JerrJo20
John Jerry,2,25,G,JerrJo20
John Jerry,7,26,RG,JerrJo20
John Jerry,7,27,RG,JerrJo20
John Jerry,8,28,RG,JerrJo20
John Jerry,5,29,RG,JerrJo20
John Jerry,6,30,RG,JerrJo20
John Jerry,6,31,LG/RG,JerrJo20
Luke Joeckel,5,26,LG,JoecLu00
Charlie Johnson,10,24,LG/LT,JohnCh23
Charlie Johnson,7,28,LG,JohnCh23
Charlie Johnson,7,29,LG,JohnCh23
Charlie Johnson,6,30,LG,JohnCh23
Marcus Johnson,4,21,RG,JohnMa20
Mike Johnson,2,25,G,JohnMi23
Adrian Jones,4,27,RG,JoneAd20
Ben Jones,5,23,RG,JoneBe01
Ben Jones,8,25,LG,JoneBe01
Davin Joseph,4,23,RG,JoseDa20
Davin Joseph,8,24,RG,JoseDa20
Davin Joseph,7,25,RG,JoseDa20
Davin Joseph,5,26,RG,JoseDa20
Davin Joseph,6,27,RG,JoseDa20
Davin Joseph,8,28,RG,JoseDa20
Davin Joseph,6,30,RG,JoseDa20
Davin Joseph,6,31,RG,JoseDa20
Senio Kelemete,1,24,G,KeleSe00
Senio Kelemete,4,25,RG,KeleSe00
Senio Kelemete,6,26,LG,KeleSe00
Senio Kelemete,5,27,LG,KeleSe00
Senio Kelemete,6,28,LG,KeleSe00
Senio Kelemete,3,30,LG,KeleSe00
Senio Kelemete,2,31,G,KeleSe00
Chris Kemoeatu,1,24,G,KemoCh20
Chris Kemoeatu,8,25,LG,KemoCh20
Chris Kemoeatu,7,26,LG,KemoCh20
Chris Kemoeatu,8,27,LG,KemoCh20
Chris Kemoeatu,4,28,LG,KemoCh20
Daniel Kilgore,1,25,G,KilgDa00
Daniel Kilgore,1,26,G,KilgDa00
Solomon Kindley,5,23,RG,KindSo00
Solomon Kindley,1,24,G,KindSo00
Peter Konz,7,23,RG,KonzPe00
Peter Konz,8,24,C/RG,KonzPe00
Kyle Kosier,7,25,LG,KosiKy20
Kyle Kosier,5,26,LT/RG,KosiKy20
Kyle Kosier,5,27,LG,KosiKy20
Kyle Kosier,10,28,LG,KosiKy20
Kyle Kosier,8,29,LG,KosiKy20
Kyle Kosier,8,31,LG,KosiKy20
Kyle Kosier,6,32,LG,KosiKy20
Kyle Kosier,9,33,RG,KosiKy20
Arie Kouandjio,3,25,LG,KouaAr00
Chris Kuper,6,25,LG,KupeCh20
Chris Kuper,9,26,RG,KupeCh20
Chris Kuper,7,27,RG,KupeCh20
Chris Kuper,7,28,RG,KupeCh20
Chris Kuper,6,29,RG,KupeCh20
Eric Kush,4,29,LG,KushEr00
Eric Kush,4,30,RG,KushEr00
Forrest Lamp,7,26,LG,LampFo00
T.J. Lang,12,24,LG,LangT.20
T.J. Lang,9,25,LG,LangT.20
T.J. Lang,9,26,RG,LangT.20
T.J. Lang,9,27,RG,LangT.20
T.J. Lang,7,28,RG,LangT.20
T.J. Lang,11,29,RG,LangT.20
T.J. Lang,8,30,RG,LangT.20
Ted Larsen,6,23,LG,LarsTe20
Ted Larsen,7,25,C/RG,LarsTe20
Ted Larsen,7,27,LG,LarsTe20
Ted Larsen,6,28,RG/LG,LarsTe20
Ted Larsen,4,29,RG,LarsTe20
Ted Larsen,3,30,LG,LarsTe20
Ted Larsen,5,31,LG,LarsTe20
Shawn Lauvao,1,23,G,LauvSh20
Shawn Lauvao,6,24,RG,LauvSh20
Shawn Lauvao,7,25,RG,LauvSh20
Shawn Lauvao,4,26,RG,LauvSh20
Shawn Lauvao,7,27,LG,LauvSh20
Shawn Lauvao,8,29,LG,LauvSh20
Shawn Lauvao,4,30,LG,LauvSh20
Josh LeRibeus,2,28,G,LeRiJo00
Andy Levitre,6,23,LG,LeviAn20
Andy Levitre,6,24,LG,LeviAn20
Andy Levitre,8,25,LG,LeviAn20
Andy Levitre,7,26,LG,LeviAn20
Andy Levitre,8,27,LG,LeviAn20
Andy Levitre,6,28,LG,LeviAn20
Andy Levitre,7,29,LG,LeviAn20
Andy Levitre,11,30,LG,LeviAn20
Andy Levitre,7,31,LG,LeviAn20
Alex Lewis,3,24,LG,LewiAl01
Alex Lewis,5,26,LG,LewiAl01
Alex Lewis,4,27,LG,LewiAl01
Alex Lewis,3,28,LG,LewiAl01
Kory Lichtensteiger,6,25,LG,LichKo20
Kory Lichtensteiger,10,27,LG,LichKo20
Kory Lichtensteiger,7,28,LG,LichKo20
Brandon Linder,5,22,RG,LindBr00
Kyle Long,11,25,RG,LongKy00
Kyle Long,11,26,RG,LongKy00
Kyle Long,3,28,RG,LongKy00
Kyle Long,3,29,RG,LongKy00
Kyle Long,4,30,RG,LongKy00
Spencer Long,7,25,LG,LongSp00
Spencer Long,1,29,G,LongSp00
Joe Looney,3,24,G,LoonJo01
Joe Looney,2,26,G,LoonJo01
Joe Looney,1,27,G,LoonJo01
Joe Looney,2,29,G,LoonJo01
Daniel Loper,2,27,RG,LopeDa20
Lance Louis,3,25,G,LouiLa20
Lance Louis,5,27,RG,LouiLa20
Lance Louis,4,29,RG,LouiLa20
Lance Louis,2,30,G,LouiLa20
Wayne Lucier,4,24,LG/C,LuciWa20
Wayne Lucier,5,25,RG,LuciWa20
Deuce Lutui,5,23,RG,LutuDe20
Deuce Lutui,7,24,RG,LutuDe20
Deuce Lutui,9,25,RG,LutuDe20
Deuce Lutui,8,26,RG,LutuDe20
Deuce Lutui,5,27,RG,LutuDe20
Deuce Lutui,1,28,G,LutuDe20
Deuce Lutui,3,29,RG,LutuDe20
Sean Mahan,1,23,G,MahaSe20
Sean Mahan,7,25,RG,MahaSe20
Sean Mahan,4,26,LG,MahaSe20
Logan Mankins,9,23,LG,MankLo20
Logan Mankins,10,24,LG,MankLo20
Logan Mankins,17,25,LG,MankLo20
Logan Mankins,10,26,LG,MankLo20
Logan Mankins,16,27,LG,MankLo20
Logan Mankins,12,28,LG,MankLo20
Logan Mankins,15,29,LG,MankLo20
Logan Mankins,11,30,LG,MankLo20
Logan Mankins,14,31,LG,MankLo20
Logan Mankins,6,32,LG,MankLo20
Logan Mankins,9,33,LG,MankLo20
Vince Manuwai,7,23,LG,ManuVi20
Vince Manuwai,7,24,LG,ManuVi20
Vince Manuwai,9,25,LG,ManuVi20
Vince Manuwai,10,26,LG,ManuVi20
Vince Manuwai,10,27,LG,ManuVi20
Vince Manuwai,8,29,LG,ManuVi20
Vince Manuwai,6,30,LG,ManuVi20
Ali Marpet,6,22,RG,MarpAl00
Ali Marpet,7,23,RG,MarpAl00
Ali Marpet,8,25,LG,MarpAl00
Ali Marpet,8,26,LG,MarpAl00
Ali Marpet,7,27,LG,MarpAl00
Ali Marpet,9,28,LG,MarpAl00
Nick Martin,1,28,G,MartNi00
Wes Martin,2,23,RG,MartWe00
Wes Martin,3,24,LG,MartWe00
Evan Mathis,1,24,G,MathEv20
Evan Mathis,6,25,RG,MathEv20
Evan Mathis,1,27,G,MathEv20
Evan Mathis,3,28,LG,MathEv20
Evan Mathis,1,29,G,MathEv20
Evan Mathis,7,30,LG,MathEv20
Evan Mathis,7,31,LG,MathEv20
Evan Mathis,14,32,LG,MathEv20
Evan Mathis,6,33,LG,MathEv20
Evan Mathis,5,34,LG,MathEv20
Jacques McClendon,2,27,G,McClJa20
Mike McGlynn,7,27,RG,McGlMi20
Mike McGlynn,8,28,RG,McGlMi20
Mike McGlynn,6,29,LG,McGlMi20
Mike McGlynn,1,30,G,McGlMi20
Seth McKinney,4,28,RG,McKiSe20
Pat McQuistan,4,27,RG,McQuPa20
Paul McQuistan,2,23,LG,McQuPa21
Paul McQuistan,4,28,LT/LG,McQuPa21
Paul McQuistan,8,29,RG/LG,McQuPa21
Paul McQuistan,8,30,LT/LG,McQuPa21
Jamon Meredith,6,26,RG,MereJa20
Jamon Meredith,4,27,LG,MereJa20
Terrence Metcalf,1,25,G,MetcTe20
Terrence Metcalf,2,26,LG,MetcTe20
Terrence Metcalf,4,27,RG,MetcTe20
Terrence Metcalf,1,28,G,MetcTe20
Terrence Metcalf,3,29,LG,MetcTe20
Jack Mewhort,8,23,LG,MewhJa00
Jack Mewhort,7,24,LG,MewhJa00
Jack Mewhort,6,25,LG,MewhJa00
John Miller,5,22,RG,MillJo04
John Miller,9,23,RG,MillJo04
John Miller,5,25,RG,MillJo04
John Miller,5,26,RG,MillJo04
John Miller,6,27,RG,MillJo04
John Miller,3,28,RG,MillJo04
Ryan Miller,1,23,G,MillRy00
John Moffitt,3,25,RG,MoffJo00
John Moffitt,3,26,LG,MoffJo00
Tony Moll,4,23,RG,MollTo20
Tony Moll,4,25,RG/RT,MollTo20
Will Montgomery,2,26,G,MontWi20
Will Montgomery,3,27,RG,MontWi20
Chris Morris,3,26,LG,MorrCh21
Chris Myers,1,24,G,MyerCh20
Chris Myers,1,25,G,MyerCh20
Bruce Nelson,2,24,G,NelsBr20
Marshall Newhouse,2,25,G,NewhMa20
Marshall Newhouse,3,26,RG,NewhMa20
Marshall Newhouse,2,28,LG,NewhMa20
Marshall Newhouse,2,30,G,NewhMa20
Carl Nicks,9,23,LG,NickCa20
Carl Nicks,10,24,LG,NickCa20
Carl Nicks,13,25,LG,NickCa20
Carl Nicks,20,26,LG,NickCa20
Uche Nwaneri,2,23,G,NwanUc20
Uche Nwaneri,8,24,LG,NwanUc20
Uche Nwaneri,6,25,RG,NwanUc20
Uche Nwaneri,9,26,RG,NwanUc20
Uche Nwaneri,5,27,RG,NwanUc20
Uche Nwaneri,6,28,RG,NwanUc20
Uche Nwaneri,6,29,RG,NwanUc20
Rees Odhiambo,1,24,G,OdhiRe00
Rich Ohrnberger,2,26,G,OhrnRi20
Rich Ohrnberger,2,27,G,OhrnRi20
Quinn Ojinnaka,1,22,G,OjinQu20
Quinn Ojinnaka,1,24,G,OjinQu20
Quinn Ojinnaka,3,25,RG,OjinQu20
Quinn Ojinnaka,1,26,G,OjinQu20
Quinn Ojinnaka,1,27,G,OjinQu20
Eric Olsen,3,24,G,OlseEr20
Frank Omiyale,6,27,LG,OmiyFr20
Kelechi Osemele,8,25,LG,OsemKe00
Kelechi Osemele,6,26,LG,OsemKe00
Kelechi Osemele,13,27,LG,OsemKe00
Kelechi Osemele,10,28,LG,OsemKe00
Kelechi Osemele,4,29,LG,OsemKe00
Kevin Pamphile,6,26,LG,PampKe00
Kevin Pamphile,7,27,LG,PampKe00
Michael Person,1,26,G,PersMi00
Michael Person,2,29,G,PersMi00
Michael Person,7,30,RG,PersMi00
Michael Person,8,31,RG,PersMi00
Stephen Peterman,6,25,RG,PeteSt20
Stephen Peterman,5,26,RG,PeteSt20
Stephen Peterman,3,27,RG,PeteSt20
Stephen Peterman,7,28,RG,PeteSt20
Stephen Peterman,9,29,RG,PeteSt20
Stephen Peterman,7,30,RG,PeteSt20
Mitch Petrus,1,23,G,PetrMi20
Mitch Petrus,1,25,G,PetrMi20
Jason Pinkston,6,24,LG,PinkJa00
Chester Pitts,7,25,LG,PittCh20
Chester Pitts,7,27,LG,PittCh20
Chester Pitts,9,28,LG,PittCh20
Chester Pitts,8,29,LG,PittCh20
Mike Pollak,8,23,RG,PollMi20
Mike Pollak,5,24,RG,PollMi20
Mike Pollak,7,25,RG,PollMi20
Mike Pollak,3,26,RG,PollMi20
Mike Pollak,3,28,RG,PollMi20
Mike Pollak,3,29,RG,PollMi20
Mike Pouncey,9,25,RG,PounMi00
Duke Preston,4,24,RG,PresDu20
Billy Price,4,25,LG,PricBi01
Mike Pucillo,4,24,RG,PuciMi20
Mike Pucillo,3,26,LG,PuciMi20
Mike Pucillo,1,27,G,PuciMi20
Mike Pucillo,1,28,G,PuciMi20
Justin Pugh,7,25,LG,PughJu00
Justin Pugh,4,26,LG,PughJu00
Justin Pugh,8,29,LG,PughJu00
Justin Pugh,8,30,LG,PughJu00
Justin Pugh,7,31,LG,PughJu00
Chilo Rachal,3,22,RG,RachCh20
Chilo Rachal,6,23,RG,RachCh20
Chilo Rachal,6,24,RG,RachCh20
Chilo Rachal,3,25,G,RachCh20
Chilo Rachal,4,26,LG,RachCh20
Will Rackley,4,22,LG,RackWi01
Will Rackley,4,24,LG,RackWi01
Manuel Ramirez,5,26,LG,RamiMa20
Manuel Ramirez,6,29,RG,RamiMa20
Manuel Ramirez,9,31,RG/C,RamiMa20
Manuel Ramirez,4,32,LG/RG,RamiMa20
Jah Reid,3,24,LG,ReidJa00
Garrett Reynolds,5,24,RG,ReynGa20
Garrett Reynolds,5,26,RG,ReynGa20
Garrett Reynolds,4,28,LG,ReynGa20
Jamey Richard,5,24,C/LG,RichJa20
Cyril Richardson,2,24,G,RichCy00
Weston Richburg,8,23,LG,RichWe00
Brian Rimpf,3,24,RG,RimpBr20
Chad Rinehart,6,26,RG/LG,RineCh20
Chad Rinehart,6,28,LG,RineCh20
Chad Rinehart,8,29,LG,RineCh20
Rodger Saffold,5,25,RG,SaffRo20
Rodger Saffold,7,26,LG,SaffRo20
Rodger Saffold,5,28,LG,SaffRo20
Rodger Saffold,12,29,LG,SaffRo20
Rodger Saffold,11,30,LG,SaffRo20
Rodger Saffold,8,31,LG,SaffRo20
Rodger Saffold,10,32,LG,SaffRo20
Rodger Saffold,9,33,LG,SaffRo20
Rodger Saffold,11,34,G,SaffRo20
Dru Samia,3,23,G,SamiDr00
Stephen Schilling,2,23,G,SchiSt00
Stephen Schilling,2,26,G,SchiSt00
Michael Schofield,6,26,RG,SchoMi00
Michael Schofield,9,28,RG,SchoMi00
Michael Schofield,8,29,RG,SchoMi00
Michael Schofield,7,31,RG,SchoMi00
Geoff Schwartz,2,23,G,SchwGe20
Geoff Schwartz,5,24,RG/RT,SchwGe20
Geoff Schwartz,1,26,G,SchwGe20
Geoff Schwartz,4,27,RG,SchwGe20
Geoff Schwartz,6,29,RG,SchwGe20
Steve Sciullo,9,23,RG,SciuSt20
Steve Sciullo,4,24,LG,SciuSt20
Chris Scott,4,26,RG,ScotCh23
Chris Scott,1,27,G,ScotCh23
Chris Scott,1,28,G,ScotCh23
Chris Scott,3,29,G,ScotCh23
Jake Scott,7,23,RG,ScotJa21
Jake Scott,10,24,RG,ScotJa21
Jake Scott,11,25,RG,ScotJa21
Jake Scott,10,26,RG,ScotJa21
Jake Scott,7,27,RG,ScotJa21
Jake Scott,7,28,RG,ScotJa21
Jake Scott,8,29,RG,ScotJa21
Jake Scott,7,30,RG,ScotJa21
Arron Sears,8,23,LG,SearAr20
Arron Sears,6,24,LG,SearAr20
Mark Setterstrom,1,25,G,SettMa20
Ryan Seymour,2,24,G,SeymRy00
A.Q. Shipley,4,27,LG,ShipA.20
Amini Silatolu,8,24,LG,SilaAm00
Amini Silatolu,2,27,G,SilaAm00
Amini Silatolu,3,29,G,SilaAm00
Kendall Simmons,6,23,RG,SimmKe20
Kendall Simmons,6,24,RG,SimmKe20
Kendall Simmons,9,26,RG,SimmKe20
Kendall Simmons,7,27,RG,SimmKe20
Kendall Simmons,8,28,RG,SimmKe20
Rob Sims,2,23,G,SimsRo20
Rob Sims,8,24,LG,SimsRo20
Rob Sims,6,26,LG,SimsRo20
Rob Sims,7,27,LG,SimsRo20
Rob Sims,9,28,LG,SimsRo20
Rob Sims,7,29,LG,SimsRo20
Rob Sims,8,30,LG,SimsRo20
Rob Sims,7,31,LG,SimsRo20
Josh Sitton,2,22,G,SittJo20
Josh Sitton,11,23,RG,SittJo20
Josh Sitton,9,24,RG,SittJo20
Josh Sitton,11,25,RG,SittJo20
Josh Sitton,12,26,RG,SittJo20
Josh Sitton,14,27,LG,SittJo20
Josh Sitton,15,28,LG,SittJo20
Josh Sitton,12,29,LG,SittJo20
Josh Sitton,7,30,LG,SittJo20
Josh Sitton,5,31,LG,SittJo20
Justin Smiley,3,23,RG,SmilJu20
Justin Smiley,5,24,LG,SmilJu20
Justin Smiley,7,25,RG,SmilJu20
Justin Smiley,3,26,RG,SmilJu20
Justin Smiley,7,27,LG,SmilJu20
Justin Smiley,6,28,LG,SmilJu20
Shelley Smith,3,25,LG,SmitSh22
Shelley Smith,2,26,G,SmitSh22
Shelley Smith,2,27,G,SmitSh22
Wade Smith,3,27,RG,SmitWa21
Wade Smith,4,28,RG,SmitWa21
Wade Smith,10,29,LG,SmitWa21
Wade Smith,8,30,LG,SmitWa21
Wade Smith,9,31,LG,SmitWa21
Wade Smith,6,32,LG,SmitWa21
Chris Snee,5,22,RG,SneeCh20
Chris Snee,9,23,RG,SneeCh20
Chris Snee,8,24,RG,SneeCh20
Chris Snee,8,25,RG,SneeCh20
Chris Snee,15,26,RG,SneeCh20
Chris Snee,11,27,RG,SneeCh20
Chris Snee,13,28,RG,SneeCh20
Chris Snee,8,29,RG,SneeCh20
Chris Snee,12,30,RG,SneeCh20
Adam Snyder,3,24,LG,SnydAd20
Adam Snyder,6,26,LG/RG,SnydAd20
Adam Snyder,2,28,G,SnydAd20
Adam Snyder,7,29,RG,SnydAd20
Adam Snyder,4,30,RG,SnydAd20
Adam Snyder,3,31,G,SnydAd20
Chris Spencer,6,24,C/LG,SpenCh21
Chris Spencer,5,29,RG,SpenCh21
Chris Spencer,3,30,LG,SpenCh21
Jason Spitz,5,24,RG,SpitJa20
Jason Spitz,7,25,RG,SpitJa20
Jason Spitz,9,26,RG,SpitJa20
Jason Spitz,2,28,G,SpitJa20
Eric Steinbach,8,23,LG,SteiEr20
Eric Steinbach,7,24,LG,SteiEr20
Eric Steinbach,10,25,LG,SteiEr20
Eric Steinbach,8,26,LG,SteiEr20
Eric Steinbach,8,27,LG,SteiEr20
Eric Steinbach,5,28,LG,SteiEr20
Eric Steinbach,5,29,LG,SteiEr20
Eric Steinbach,6,30,LG,SteiEr20
Logan Stenberg,3,25,G,StenLo00
Zach Strief,1,23,G,StriZa20
Zach Strief,2,24,G,StriZa20
Zach Strief,2,25,G,StriZa20
Zach Strief,3,26,G,StriZa20
Zach Strief,2,27,G,StriZa20
Kasey Studdard,8,25,LG,StudKa20
Xavier Su'a-Filo,1,23,G,Sua-Xa00
Xavier Su'a-Filo,4,24,LG,Sua-Xa00
Xavier Su'a-Filo,6,25,LG,Sua-Xa00
Xavier Su'a-Filo,7,26,LG,Sua-Xa00
Xavier Su'a-Filo,3,27,LG,Sua-Xa00
Xavier Su'a-Filo,3,28,G,Sua-Xa00
Travis Swanson,3,23,RG,SwanTr00
J.R. Sweezy,8,24,RG,SweeJ.00
J.R. Sweezy,9,25,RG,SweeJ.00
J.R. Sweezy,8,26,RG,SweeJ.00
J.R. Sweezy,7,28,RG,SweeJ.00
J.R. Sweezy,8,29,LG,SweeJ.00
J.R. Sweezy,8,30,RG,SweeJ.00
J.R. Sweezy,5,31,RG,SweeJ.00
Scott Tercero,2,23,G,TercSc20
Claude Terrell,5,23,LG,TerrCl20
Jeb Terry,1,24,G,TerrJe20
Jeb Terry,1,25,G,TerrJe20
Dallas Thomas,7,26,LG,ThomDa04
Donald Thomas,7,24,RG,ThomDo26
Donald Thomas,2,26,G,ThomDo26
Donald Thomas,6,27,LG,ThomDo26
Jaimie Thomas,1,24,G,ThomJa22
Hugh Thornton,7,22,LG,ThorHu00
Hugh Thornton,5,23,RG,ThorHu00
Hugh Thornton,5,24,RG,ThorHu00
Andrew Tiller,3,26,RG,TillAn01
Andrew Tiller,3,27,RG,TillAn01
Johnnie Troutman,6,26,LG,TrouJo00
Johnnie Troutman,8,27,RG,TrouJo00
Max Unger,6,23,RG,UngeMa20
Kraig Urbik,1,25,G,UrbiKr20
Kraig Urbik,6,26,RG/C,UrbiKr20
Kraig Urbik,6,27,RG,UrbiKr20
Kraig Urbik,7,28,RG,UrbiKr20
Kraig Urbik,4,29,LG,UrbiKr20
Kraig Urbik,3,30,G,UrbiKr20
John Urschel,2,23,G,UrscJo00
John Urschel,2,25,G,UrscJo00
Steve Vallos,2,26,G,VallSt00
Steve Vallos,2,30,G,VallSt00
Julian Vandervelde,1,26,G,VandJu00
Louis Vasquez,9,22,RG,VasqLo20
Louis Vasquez,6,23,RG,VasqLo20
Louis Vasquez,8,24,RG,VasqLo20
Louis Vasquez,7,25,RG,VasqLo20
Louis Vasquez,20,26,RG,VasqLo20
Louis Vasquez,9,27,RT/RG,VasqLo20
Louis Vasquez,7,28,RG,VasqLo20
Tyson Walter,1,25,G,WaltTy20
Larry Warford,8,22,RG,WarfLa00
Larry Warford,6,23,RG,WarfLa00
Larry Warford,6,24,RG,WarfLa00
Larry Warford,8,25,RG,WarfLa00
Larry Warford,10,26,RG,WarfLa00
Larry Warford,12,27,RG,WarfLa00
Larry Warford,10,28,RG,WarfLa00
Chance Warmack,8,22,RG,WarmCh00
Chance Warmack,6,23,RG,WarmCh00
Chance Warmack,6,24,RG,WarmCh00
Chance Warmack,2,26,G,WarmCh00
Chance Warmack,1,27,G,WarmCh00
Earl Watford,1,24,G,WatfEa00
Earl Watford,2,25,G,WatfEa00
Earl Watford,5,26,RG,WatfEa00
Earl Watford,4,27,RG,WatfEa00
Earl Watford,1,28,G,WatfEa00
Earl Watford,3,29,G,WatfEa00
Danny Watkins,6,27,RG,WatkDa00
Danny Watkins,3,28,RG,WatkDa00
Fred Weary,3,25,RG,WearFr21
Fred Weary,2,26,G,WearFr21
Fred Weary,5,29,RG,WearFr21
Fred Weary,7,30,RG,WearFr21
J'Marcus Webb,7,27,RG,WebbJM20
Reggie Wells,6,24,LG,WellRe20
Reggie Wells,4,25,LG,WellRe20
Reggie Wells,8,26,RT/LG,WellRe20
Reggie Wells,8,27,LG,WellRe20
Reggie Wells,9,28,LG,WellRe20
Reggie Wells,8,29,LG,WellRe20
Reggie Wells,1,30,G,WellRe20
Scott Wells,5,24,LG,WellSc20
Christian Westerman,1,25,G,WestCh02
Travelle Wharton,6,23,LG,WharTr20
Travelle Wharton,7,27,LG,WharTr20
Travelle Wharton,7,28,LG/LT,WharTr20
Travelle Wharton,3,29,LG,WharTr20
Travelle Wharton,9,30,LG,WharTr20
Travelle Wharton,6,32,LG,WharTr20
Taylor Whitley,4,24,RG,WhitTa21
Will Whitticker,6,23,RG,WhitWi25
Andrew Whitworth,9,26,LG,WhitAn20
Andrew Whitworth,3,27,LG,WhitAn20
Cody Wichmann,3,23,RG,WichCo00
Cody Wichmann,3,24,RG,WichCo00
Chris Williams,6,25,LG,WillCh03
Chris Williams,3,26,LG,WillCh03
Chris Williams,8,28,LG,WillCh03
Daryl Williams,5,27,LG/LT,WillDa06
Daryl Williams,10,29,RG/RT,WillDa06
Mike Williams,4,29,RG,WillMi22
Brian Winters,4,22,LG,WintBr00
Brian Winters,5,24,RG,WintBr00
Brian Winters,5,25,RG,WintBr00
Brian Winters,5,26,RG,WintBr00
Brian Winters,6,27,RG,WintBr00
Brian Winters,3,28,RG,WintBr00
Brian Winters,5,29,RG,WintBr00
Stefen Wisniewski,8,22,LG,WisnSt01
Stefen Wisniewski,4,27,LG,WisnSt01
Stefen Wisniewski,6,28,LG,WisnSt01
Stefen Wisniewski,4,29,LG,WisnSt01
Eric Wood,4,23,RG,WoodEr20
Eric Wood,6,24,RG,WoodEr20
Marshal Yanda,5,25,RG,YandMa20
Marshal Yanda,11,27,RG,YandMa20
Marshal Yanda,10,28,RG,YandMa20
Marshal Yanda,8,29,RG,YandMa20
Marshal Yanda,17,30,RG,YandMa20
Marshal Yanda,12,31,RG,YandMa20
Marshal Yanda,9,32,LG/RG,YandMa20
Marshal Yanda,13,34,RG,YandMa20
Marshal Yanda,15,35,RG,YandMa20
Scott Young,1,25,G,YounSc20
Jeremy Zuttah,3,22,RG,ZuttJe20
Jeremy Zuttah,5,23,LG,ZuttJe20
Jeremy Zuttah,6,25,LG,ZuttJe20
Jeremy Zuttah,8,26,LG/C,ZuttJe20
