Player,AV,Age,Pos,-9999
Khalid Abdullah,1,24,LB,AbduKh20
Emmanuel Acho,2,24,LB,AchoEm00
Sam Acho,6,23,LOLB,AchoSa00
Sam Acho,9,24,LOLB/ROLB,AchoSa00
Sam Acho,4,27,LOLB,AchoSa00
Sam Acho,3,28,LOLB,AchoSa00
Sam Acho,6,29,LOLB,AchoSa00
Xavier Adibi,1,25,LB,AdibXa99
Xavier Adibi,1,26,LB,AdibXa99
Spencer Adkins,1,23,LB,AdkiSp99
Spencer Adkins,1,24,LB,AdkiSp99
D.J. Alexander,1,24,LB,AlexD.00
D.J. Alexander,4,25,LB,AlexD.00
D.J. Alexander,1,26,LB,AlexD.00
D.J. Alexander,1,27,LB,AlexD.00
Mackensie Alexander,4,27,RLB,AlexMa01
Mackensie Alexander,2,28,RLB,AlexMa01
Dakota Allen,1,25,LB,AlleDa01
Dakota Allen,1,26,LB,AlleDa01
James Allen,2,23,LB,AlleJa21
James Allen,2,24,LB,AlleJa21
James Allen,5,25,LLB,AlleJa21
Marcus Allen,1,26,LB,AlleMa03
Kiko Alonso,10,23,MLB,AlonKi00
Kiko Alonso,2,25,LB,AlonKi00
Kiko Alonso,8,26,MLB,AlonKi00
Kiko Alonso,7,27,LOLB,AlonKi00
Kiko Alonso,7,28,LLB,AlonKi00
Kiko Alonso,2,29,LB,AlonKi00
Jon Alston,1,24,LB,AlstJo20
Jon Alston,2,25,LB,AlstJo20
Jon Alston,2,26,LB,AlstJo20
Charlie Anderson,2,23,LB,AndeCh21
Charlie Anderson,1,24,LB,AndeCh21
Charlie Anderson,1,25,LB,AndeCh21
Charlie Anderson,3,26,LLB,AndeCh21
Charlie Anderson,2,27,LB,AndeCh21
Charlie Anderson,1,28,LB,AndeCh21
James Anderson,2,23,LB,AndeJa21
James Anderson,1,24,LB,AndeJa21
James Anderson,1,25,LB,AndeJa21
James Anderson,5,26,RLB,AndeJa21
James Anderson,8,27,LLB,AndeJa21
James Anderson,6,28,LLB,AndeJa21
James Anderson,5,29,LLB,AndeJa21
James Anderson,6,30,RLB,AndeJa21
Ryan Anderson,1,23,LB,AndeRy00
Ryan Anderson,1,24,LB,AndeRy00
Ryan Anderson,3,25,LB,AndeRy00
Ryan Anderson,1,26,LB,AndeRy00
Pat Angerer,5,23,LLB,AngePa99
Pat Angerer,7,24,MLB,AngePa99
Pat Angerer,2,25,LB,AngePa99
Pat Angerer,5,26,LILB,AngePa99
Stephone Anthony,6,23,MLB,AnthSt00
Stephone Anthony,2,24,LB,AnthSt00
Stephone Anthony,1,25,LB,AnthSt00
Stephone Anthony,1,26,LB,AnthSt00
Stephone Anthony,1,27,LB,AnthSt00
Stanley Arnoux,1,24,LB,ArnoSt99
Jeremiah Attaochu,1,21,LB,AttaJe00
Jeremiah Attaochu,6,22,ROLB,AttaJe00
Jeremiah Attaochu,1,23,LB,AttaJe00
Jeremiah Attaochu,1,25,LB,AttaJe00
Jeremiah Attaochu,4,26,LOLB,AttaJe00
Jeremiah Attaochu,3,27,OLB,AttaJe00
Akeem Ayers,8,22,LLB,AyerAk00
Akeem Ayers,5,23,LLB,AyerAk00
Akeem Ayers,6,24,LLB,AyerAk00
Akeem Ayers,3,25,LB,AyerAk00
Akeem Ayers,7,26,RLB,AyerAk00
Akeem Ayers,2,27,LB,AyerAk00
Robert Ayers,3,25,ROLB,AyerRo99
Akin Ayodele,3,23,LB,AyodAk20
Akin Ayodele,8,24,LLB,AyodAk20
Akin Ayodele,9,25,RLB,AyodAk20
Akin Ayodele,7,26,LLB,AyodAk20
Akin Ayodele,7,27,RILB,AyodAk20
Akin Ayodele,6,28,RILB,AyodAk20
Akin Ayodele,7,29,RILB,AyodAk20
Akin Ayodele,6,30,RILB,AyodAk20
Akin Ayodele,4,31,LILB,AyodAk20
Jason Babin,8,24,LOLB,BabiJa20
Jason Babin,6,33,LOLB,BabiJa20
Jason Babin,3,34,LB,BabiJa20
Boss Bailey,8,24,RLB,BailBo20
Boss Bailey,5,26,LLB,BailBo20
Boss Bailey,5,27,LLB,BailBo20
Boss Bailey,4,28,LLB,BailBo20
Ben Banogu,1,23,LB,BanoBe00
Ben Banogu,1,24,LB,BanoBe00
Ben Banogu,1,25,LB,BanoBe00
Tully Banta-Cain,1,23,LB,BantTu20
Tully Banta-Cain,2,24,LB,BantTu20
Tully Banta-Cain,1,25,LB,BantTu20
Tully Banta-Cain,4,26,ROLB,BantTu20
Tully Banta-Cain,6,27,ROLB,BantTu20
Tully Banta-Cain,1,28,LB,BantTu20
Tully Banta-Cain,6,29,LOLB,BantTu20
Tully Banta-Cain,3,30,LOLB,BantTu20
Antwan Barnes,1,23,LB,BarnAn99
Antwan Barnes,1,24,LB,BarnAn99
Antwan Barnes,1,25,LB,BarnAn99
Antwan Barnes,1,26,LB,BarnAn99
Antwan Barnes,3,27,LOLB,BarnAn99
Antwan Barnes,1,28,LB,BarnAn99
Nick Barnett,9,22,MLB,BarnNi20
Nick Barnett,7,23,MLB,BarnNi20
Nick Barnett,9,24,MLB,BarnNi20
Nick Barnett,7,25,MLB,BarnNi20
Nick Barnett,13,26,MLB,BarnNi20
Nick Barnett,3,27,MLB,BarnNi20
Nick Barnett,8,28,RILB,BarnNi20
Nick Barnett,7,30,RILB,BarnNi20
Nick Barnett,6,31,RLB,BarnNi20
Nick Barnett,1,32,LB,BarnNi20
Anthony Barr,7,22,RLB,BarrAn00
Anthony Barr,9,23,RLB,BarrAn00
Anthony Barr,10,24,RLB,BarrAn00
Anthony Barr,11,25,RLB,BarrAn00
Anthony Barr,9,26,RLB,BarrAn00
Anthony Barr,7,27,RLB,BarrAn00
Anthony Barr,6,29,LLB,BarrAn00
Anthony Barr,6,30,LB,BarrAn00
Sam Barrington,4,24,RILB,BarrSa00
Mark Barron,12,26,LLB,BarrMa00
Mark Barron,14,27,LLB,BarrMa00
Mark Barron,5,29,RILB,BarrMa00
Mark Barron,6,30,LILB,BarrMa00
Lamin Barrow,1,24,LB,BarrLa00
Lamin Barrow,1,25,LB,BarrLa00
Connor Barwin,8,25,ROLB,BarwCo99
Connor Barwin,8,26,ROLB,BarwCo99
Connor Barwin,8,27,LOLB,BarwCo99
Connor Barwin,12,28,LOLB,BarwCo99
Connor Barwin,7,29,LOLB,BarwCo99
Connor Barwin,6,31,LILB,BarwCo99
Tarell Basham,5,26,LOLB,BashTa00
David Bass,4,25,LOLB,BassDa00
Solomon Bates,2,22,LB,BateSo20
Trevor Bates,1,25,LB,BateTr00
Danny Batten,2,24,LB,BattDa99
Vic Beasley,12,24,LILB,BeasVi00
Vic Beasley,4,25,LLB,BeasVi00
Jon Beason,8,22,MLB/RLB,BeasJo99
Jon Beason,15,23,MLB,BeasJo99
Jon Beason,16,24,MLB,BeasJo99
Jon Beason,10,25,RLB/MLB,BeasJo99
Jon Beason,7,28,LB,BeasJo99
Jordan Beck,1,23,LB,BeckJo20
Jordan Beck,1,24,LB,BeckJo20
Kendell Beckwith,5,23,MLB,BeckKe00
Kevin Bentley,2,23,LB,BentKe20
Kevin Bentley,7,24,LLB,BentKe20
Kevin Bentley,3,25,LB,BentKe20
Kevin Bentley,3,26,LB,BentKe20
Kevin Bentley,1,27,LB,BentKe20
Kevin Bentley,2,28,LB,BentKe20
Kevin Bentley,4,29,RLB,BentKe20
Kevin Bentley,1,30,LB,BentKe20
Kevin Bentley,3,31,MLB,BentKe20
Vince Biegel,1,24,LB,BiegVi00
Vince Biegel,1,25,LB,BiegVi00
Vince Biegel,3,26,RILB,BiegVi00
Kroy Biermann,1,23,LB,BierKr99
Kroy Biermann,3,24,LB,BierKr99
Kroy Biermann,2,26,LB,BierKr99
Kroy Biermann,6,29,RLB/LDE,BierKr99
Kroy Biermann,2,30,LB,BierKr99
Keishawn Bierria,1,23,LB,BierKe00
Desmond Bishop,1,23,LB,BishDe99
Desmond Bishop,1,24,LB,BishDe99
Desmond Bishop,2,25,LB,BishDe99
Desmond Bishop,8,26,RILB,BishDe99
Desmond Bishop,6,27,RILB,BishDe99
Quincy Black,1,23,LB,BlacQu99
Quincy Black,1,24,LB,BlacQu99
Quincy Black,6,25,LLB,BlacQu99
Quincy Black,5,26,LLB,BlacQu99
Quincy Black,4,27,LLB,BlacQu99
Quincy Black,3,28,LLB,BlacQu99
Darryl Blackstock,1,22,LB,BlacDa20
Darryl Blackstock,1,23,LB,BlacDa20
Darryl Blackstock,2,24,LB,BlacDa20
Darryl Blackstock,2,25,LB,BlacDa20
Darryl Blackstock,1,28,LB,BlacDa20
H.B. Blades,1,23,LB,BladH.99
H.B. Blades,4,24,LLB,BladH.99
H.B. Blades,2,25,LB,BladH.99
H.B. Blades,2,26,LB,BladH.99
Colby Bockwoldt,4,23,RLB,BockCo20
Colby Bockwoldt,7,24,RLB,BockCo20
Colby Bockwoldt,1,25,LB,BockCo20
Rocky Boiman,1,22,LB,BoimRo20
Rocky Boiman,3,23,LB,BoimRo20
Rocky Boiman,2,25,LB,BoimRo20
Rocky Boiman,1,26,LB,BoimRo20
Rocky Boiman,4,27,LLB,BoimRo20
Rocky Boiman,3,28,RLB/MLB,BoimRo20
Michael Boley,5,23,LLB,BoleMi20
Michael Boley,7,24,LLB,BoleMi20
Michael Boley,7,25,LLB,BoleMi20
Michael Boley,6,26,LLB,BoleMi20
Michael Boley,4,27,RLB,BoleMi20
Michael Boley,7,28,RLB,BoleMi20
Michael Boley,6,29,MLB,BoleMi20
Michael Boley,6,30,RLB,BoleMi20
Michael Boley,1,31,LB,BoleMi20
Devante Bond,2,24,LB,BondDe00
Devante Bond,2,25,LLB,BondDe00
Chris Borland,6,23,RILB,BorlCh00
Jonathan Bostic,4,22,MLB,BostJo00
Jonathan Bostic,3,23,LLB,BostJo00
Jonathan Bostic,1,24,LB,BostJo00
Jonathan Bostic,6,26,RILB,BostJo00
Jonathan Bostic,7,27,LILB,BostJo00
Jonathan Bostic,6,28,RILB,BostJo00
Jonathan Bostic,9,29,MLB,BostJo00
Jonathan Bostic,3,31,LB,BostJo00
NaVorro Bowman,2,22,LB,BowmNa99
NaVorro Bowman,19,23,LILB,BowmNa99
NaVorro Bowman,15,24,LILB,BowmNa99
NaVorro Bowman,19,25,LILB,BowmNa99
NaVorro Bowman,14,27,LILB,BowmNa99
NaVorro Bowman,7,29,MLB,BowmNa99
Nigel Bradham,4,23,LLB,BradNi00
Nigel Bradham,2,24,LB,BradNi00
Nigel Bradham,8,25,RLB,BradNi00
Nigel Bradham,6,26,RLB,BradNi00
Nigel Bradham,8,27,LLB,BradNi00
Nigel Bradham,9,28,RLB,BradNi00
Nigel Bradham,7,29,RLB,BradNi00
Nigel Bradham,7,30,MLB,BradNi00
Stewart Bradley,2,24,LB,BradSt99
Stewart Bradley,10,25,MLB,BradSt99
Stewart Bradley,5,27,MLB,BradSt99
Stewart Bradley,2,28,LB,BradSt99
Stewart Bradley,1,29,LB,BradSt99
Andre Branch,2,23,LB,BranAn00
Andre Branch,2,24,LB,BranAn00
Andre Branch,1,25,LB,BranAn00
Andre Branch,2,29,LB,BranAn00
Lance Briggs,6,23,LLB,BrigLa99
Lance Briggs,10,24,RLB,BrigLa99
Lance Briggs,19,25,RLB,BrigLa99
Lance Briggs,16,26,RLB,BrigLa99
Lance Briggs,10,27,RLB,BrigLa99
Lance Briggs,12,28,RLB,BrigLa99
Lance Briggs,10,29,LLB,BrigLa99
Lance Briggs,12,30,LLB,BrigLa99
Lance Briggs,11,31,LLB,BrigLa99
Lance Briggs,11,32,LLB,BrigLa99
Lance Briggs,3,33,LLB,BrigLa99
Lance Briggs,3,34,LLB,BrigLa99
Jasper Brinkley,3,24,LB,BrinJa99
Jasper Brinkley,1,25,LB,BrinJa99
Jasper Brinkley,7,27,MLB,BrinJa99
Jasper Brinkley,2,28,LB,BrinJa99
Jasper Brinkley,6,29,MLB,BrinJa99
Jasper Brinkley,4,30,MLB,BrinJa99
Ahmad Brooks,3,22,MLB,BrooAh21
Ahmad Brooks,2,25,LB,BrooAh21
Ahmad Brooks,2,26,LB,BrooAh21
Ahmad Brooks,8,27,LOLB,BrooAh21
Ahmad Brooks,12,28,LOLB,BrooAh21
Ahmad Brooks,14,29,LOLB,BrooAh21
Ahmad Brooks,6,30,LOLB,BrooAh21
Ahmad Brooks,6,31,LOLB,BrooAh21
Ahmad Brooks,6,32,LOLB,BrooAh21
Ahmad Brooks,3,33,LB,BrooAh21
Kentrell Brothers,1,23,LB,BrotKe00
Kentrell Brothers,1,24,LB,BrotKe00
Kentrell Brothers,1,25,LB,BrotKe00
Kentrell Brothers,1,26,LB,BrotKe00
Arthur Brown,1,20,LB,BrowAr00
Arthur Brown,1,22,LB,BrowAr00
Arthur Brown,1,23,LB,BrowAr00
Blair Brown,2,23,LB,BrowBl00
Blair Brown,1,24,LB,BrowBl00
Jatavis Brown,4,22,LILB,BrowJa05
Jatavis Brown,4,23,RLB,BrowJa05
Jatavis Brown,5,24,LLB,BrowJa05
Jatavis Brown,2,25,LB,BrowJa05
Jayon Brown,2,22,LB,BrowJa06
Jayon Brown,8,23,RILB,BrowJa06
Jayon Brown,8,24,RILB,BrowJa06
Jayon Brown,4,25,RILB,BrowJa06
Jayon Brown,3,26,RILB,BrowJa06
Jayon Brown,3,27,LB,BrowJa06
Preston Brown,9,22,LLB,BrowPr00
Preston Brown,9,23,MLB,BrowPr00
Preston Brown,7,24,RILB,BrowPr00
Preston Brown,6,25,MLB,BrowPr00
Preston Brown,4,27,RLB,BrowPr00
Zach Brown,7,23,RLB,BrowZa00
Zach Brown,7,24,RLB,BrowZa00
Zach Brown,4,26,LILB,BrowZa00
Zach Brown,12,27,LILB,BrowZa00
Zach Brown,7,28,LILB,BrowZa00
Zach Brown,6,29,LILB,BrowZa00
Deone Bucannon,9,23,RILB,BucaDe00
Deone Bucannon,7,24,LILB,BucaDe00
Deone Bucannon,6,25,LILB,BucaDe00
Deone Bucannon,3,27,LB,BucaDe00
Courtland Bullard,1,24,LB,BullCo20
Courtland Bullard,1,25,LB,BullCo20
Prescott Burgess,1,25,LB,BurgPr99
Prescott Burgess,1,26,LB,BurgPr99
Kevin Burnett,1,23,LB,BurnKe20
Kevin Burnett,2,24,LB,BurnKe20
Kevin Burnett,2,25,LB,BurnKe20
Kevin Burnett,3,26,LB,BurnKe20
Kevin Burnett,4,27,RILB,BurnKe20
Kevin Burnett,9,28,RILB,BurnKe20
Kevin Burnett,10,29,RILB,BurnKe20
Kevin Burnett,8,30,LLB,BurnKe20
Kevin Burnett,7,31,LLB,BurnKe20
Ben Burr-Kirven,1,22,LB,BurrBe00
Ben Burr-Kirven,1,23,LB,BurrBe00
Miles Burris,6,24,RLB,BurrMi00
Miles Burris,7,26,MLB,BurrMi00
Donald Butler,7,23,RILB,ButlDo99
Donald Butler,6,24,RILB,ButlDo99
Donald Butler,6,25,RILB,ButlDo99
Donald Butler,6,26,RILB,ButlDo99
Donald Butler,4,27,RILB,ButlDo99
Donald Butler,3,28,LLB,ButlDo99
Victor Butler,2,22,LB,ButlVi99
Victor Butler,1,23,LB,ButlVi99
Victor Butler,1,24,LB,ButlVi99
Victor Butler,2,25,LB,ButlVi99
Rocky Calmus,2,23,LB,CalmRo20
Rocky Calmus,5,24,MLB,CalmRo20
Anthony Cannon,1,21,LB,CannAn20
Anthony Cannon,1,22,LB,CannAn20
Anthony Cannon,1,24,LB,CannAn20
Tank Carder,1,23,LB,CardTa00
Tank Carder,1,24,LB,CardTa00
Tank Carder,1,25,LB,CardTa00
Tank Carder,1,26,LB,CardTa00
Tank Carder,1,27,LB,CardTa00
Bobby Carpenter,1,23,LB,CarpBo20
Bobby Carpenter,1,24,LB,CarpBo20
Bobby Carpenter,1,25,LB,CarpBo20
Bobby Carpenter,3,26,LB,CarpBo20
Bobby Carpenter,3,27,LB,CarpBo20
Bobby Carpenter,3,28,LB,CarpBo20
Bruce Carter,1,23,LB,CartBr00
Bruce Carter,5,24,LILB,CartBr00
Bruce Carter,5,25,RLB,CartBr00
Bruce Carter,6,26,LLB,CartBr00
Bruce Carter,2,27,LB,CartBr00
Bruce Carter,1,28,LB,CartBr00
Bruce Carter,1,29,LB,CartBr00
Bruce Carter,1,30,LB,CartBr00
Chris Carter,1,22,LB,CartCh00
Chris Carter,2,23,LB,CartCh00
Chris Carter,1,24,LB,CartCh00
Chris Carter,1,26,LB,CartCh00
Chris Carter,1,27,LB,CartCh00
Chris Carter,1,28,LB,CartCh00
Jermaine Carter Jr.,1,23,LB,CartJe00
Jermaine Carter Jr.,3,24,LILB,CartJe00
Jermaine Carter Jr.,4,25,MLB,CartJe00
Jermaine Carter Jr.,7,26,MLB,CartJe00
Chris Chamberlain,1,23,LB,ChamCh99
Chris Chamberlain,1,24,LB,ChamCh99
Chris Chamberlain,3,25,RLB,ChamCh99
Chris Chamberlain,6,26,RLB,ChamCh99
Jamar Chaney,2,24,LB,ChanJa98
Jamar Chaney,8,25,MLB,ChanJa98
Jamar Chaney,2,26,LLB,ChanJa98
Jamar Chaney,1,28,LB,ChanJa98
Anthony Chickillo,4,24,LOLB,ChicAn00
Brandon Chillar,3,22,LLB,ChilBr20
Brandon Chillar,3,23,RLB,ChilBr20
Brandon Chillar,5,24,LLB,ChilBr20
Brandon Chillar,6,25,LLB,ChilBr20
Brandon Chillar,3,26,RLB,ChilBr20
Brandon Chillar,3,27,LB,ChilBr20
Brandon Chillar,2,28,LB,ChilBr20
Keenan Clayton,1,24,LB,ClayKe99
Keenan Clayton,1,25,LB,ClayKe99
Audie Cole,2,24,MLB,ColeAu00
Audie Cole,2,25,LB,ColeAu00
Audie Cole,2,27,LB,ColeAu00
Trent Cole,7,31,ROLB,ColeTr20
Trent Cole,6,32,ROLB,ColeTr20
Trent Cole,3,33,RLB,ColeTr20
Kurt Coleman,2,22,LB,ColeKu99
Kurt Coleman,1,25,LB,ColeKu99
Kurt Coleman,3,26,LB,ColeKu99
Kurt Coleman,1,31,LB,ColeKu99
Jamie Collins,4,24,LLB,CollJa00
Jamie Collins,9,25,LLB,CollJa00
Jamie Collins,12,26,LLB,CollJa00
Jamie Collins,7,27,ROLB,CollJa00
Jamie Collins,9,29,RLB,CollJa00
Jamie Collins,15,30,LLB,CollJa00
Jamie Collins,5,31,RLB/MLB,CollJa00
Jamie Collins,3,32,LB,CollJa00
Aaron Colvin,6,26,RLB,ColvAa00
Kavell Conner,4,23,RLB,ConnKa99
Kavell Conner,6,24,RLB,ConnKa99
Kavell Conner,5,25,LILB,ConnKa99
Kavell Conner,1,26,LB,ConnKa99
Kavell Conner,4,27,LILB,ConnKa99
Kavell Conner,2,28,LB,ConnKa99
Dan Connor,2,24,LB,ConnDa99
Dan Connor,4,25,MLB,ConnDa99
Dan Connor,4,26,MLB,ConnDa99
Dan Connor,4,27,LILB,ConnDa99
Marquis Cooper,1,22,LB,CoopMa21
Marquis Cooper,1,23,LB,CoopMa21
Quinton Coples,6,23,LOLB,CoplQu00
Quinton Coples,7,24,LOLB,CoplQu00
Jorge Cordova,1,25,LB,CordJo20
Kamalei Correa,1,22,LB,CorrKa00
Kamalei Correa,2,23,LB,CorrKa00
Kamalei Correa,3,24,LB,CorrKa00
Kamalei Correa,4,25,LOLB,CorrKa00
Kamalei Correa,2,26,RLB,CorrKa00
Su'a Cravens,4,21,LB,CravSu00
Jared Crick,8,25,RLB,CricJa00
Channing Crowder,7,22,RLB,CrowCh20
Channing Crowder,7,23,LLB,CrowCh20
Channing Crowder,4,24,LLB,CrowCh20
Channing Crowder,7,25,LILB,CrowCh20
Channing Crowder,5,26,LILB,CrowCh20
Channing Crowder,5,27,LILB,CrowCh20
Tae Crowder,4,23,RILB,CrowTa00
Tae Crowder,9,24,RILB,CrowTa00
Tae Crowder,4,25,LB,CrowTa00
Angelo Crowell,1,23,LB,CrowAn20
Angelo Crowell,5,24,RLB,CrowAn20
Angelo Crowell,6,25,RLB,CrowAn20
Angelo Crowell,7,26,LLB,CrowAn20
Jermaine Cunningham,4,22,ROLB,CunnJe99
Jermaine Cunningham,1,23,LB,CunnJe99
Jermaine Cunningham,3,24,LB,CunnJe99
Rennie Curran,1,22,LB,CurrRe99
Aaron Curry,5,23,RLB,CurrAa99
Aaron Curry,6,24,RLB,CurrAa99
Aaron Curry,6,25,LLB,CurrAa99
Brian Cushing,11,22,LLB,CushBr99
Brian Cushing,4,23,LLB,CushBr99
Brian Cushing,14,24,LILB,CushBr99
Brian Cushing,7,27,LILB,CushBr99
Brian Cushing,9,28,LILB,CushBr99
Brian Cushing,6,29,LILB,CushBr99
Karlos Dansby,8,23,LLB,DansKa20
Karlos Dansby,9,24,LLB,DansKa20
Karlos Dansby,5,25,LLB,DansKa20
Karlos Dansby,7,26,RLB,DansKa20
Karlos Dansby,7,27,RLB,DansKa20
Karlos Dansby,8,28,LILB,DansKa20
Karlos Dansby,7,29,RILB,DansKa20
Karlos Dansby,9,30,LILB,DansKa20
Karlos Dansby,9,31,MLB,DansKa20
Karlos Dansby,16,32,RILB,DansKa20
Karlos Dansby,6,33,LILB,DansKa20
Karlos Dansby,7,34,LILB,DansKa20
Karlos Dansby,5,35,LLB,DansKa20
Karlos Dansby,8,36,RILB,DansKa20
Andra Davis,2,24,LB,DaviAn20
Andra Davis,8,25,MLB,DaviAn20
Andra Davis,6,26,MLB,DaviAn20
Andra Davis,8,27,LILB,DaviAn20
Andra Davis,7,28,LILB,DaviAn20
Andra Davis,5,29,LILB,DaviAn20
Andra Davis,7,30,LILB,DaviAn20
Andra Davis,6,31,LILB,DaviAn20
Andra Davis,2,33,LB,DaviAn20
Dexter Davis,1,24,LB,DaviDe99
James Davis,1,24,LB,DaviJa24
James Davis,6,25,LLB,DaviJa24
James Davis,6,26,RLB,DaviJa24
Rod Davis,1,23,LB,DaviRo21
Rod Davis,1,24,LB,DaviRo21
Rod Davis,1,25,LB,DaviRo21
Thomas Davis,4,22,LB,DaviTh20
Thomas Davis,7,23,LLB,DaviTh20
Thomas Davis,8,24,LLB,DaviTh20
Thomas Davis,8,25,RLB,DaviTh20
Thomas Davis,6,29,RLB,DaviTh20
Thomas Davis,10,30,LLB,DaviTh20
Thomas Davis,7,31,RLB,DaviTh20
Thomas Davis,16,32,RLB,DaviTh20
Thomas Davis,11,33,RLB,DaviTh20
Thomas Davis,9,34,RLB,DaviTh20
Thomas Davis,5,35,RLB,DaviTh20
Thomas Davis,8,36,LLB,DaviTh20
Paul Dawson,1,22,LB,DawsPa00
Akeem Dent,1,24,LB,DentAk00
Akeem Dent,6,25,MLB,DentAk00
Akeem Dent,3,26,MLB,DentAk00
Akeem Dent,4,27,RILB,DentAk00
Akeem Dent,2,28,LB,DentAk00
Akeem Dent,2,29,LB,DentAk00
Zak DeOssie,1,23,LB,DeOsZa99
Zak DeOssie,4,24,LB,DeOsZa99
Zach Diles,1,22,LB,DileZa99
Zach Diles,4,23,LLB,DileZa99
Zach Diles,6,24,RLB,DileZa99
Zach Diles,4,25,RLB,DileZa99
Jordon Dizon,1,22,LB,DizoJo99
Jordon Dizon,1,23,LB,DizoJo99
Tim Dobbins,2,24,LB,DobbTi20
Tim Dobbins,2,25,LB,DobbTi20
Tim Dobbins,4,26,RILB,DobbTi20
Tim Dobbins,3,27,LB,DobbTi20
Tim Dobbins,4,28,LILB,DobbTi20
Tim Dobbins,1,29,LB,DobbTi20
Tim Dobbins,5,30,LILB,DobbTi20
Devante Downs,1,23,LB,DownDe00
Devante Downs,5,25,LB,DownDe00
Elvis Dumervil,14,25,ROLB,DumeEl20
Elvis Dumervil,9,27,LOLB,DumeEl20
Elvis Dumervil,11,28,LOLB,DumeEl20
Elvis Dumervil,10,31,LOLB,DumeEl20
Carlos Dunlap,3,31,LOLB,DunlCa99
Justin Durant,4,22,RLB,DuraJu99
Justin Durant,5,23,RLB,DuraJu99
Justin Durant,6,24,MLB,DuraJu99
Justin Durant,3,25,RLB,DuraJu99
Justin Durant,6,26,LLB,DuraJu99
Justin Durant,7,27,LLB,DuraJu99
Justin Durant,2,28,LLB,DuraJu99
Justin Durant,5,30,RILB,DuraJu99
Justin Durant,1,31,LB,DuraJu99
A.J. Edds,1,24,LB,EddsA.99
Emeke Egbule,1,23,LB,EgbuEm00
Emeke Egbule,1,24,LB,EgbuEm00
Ukeme Eligwe,1,23,LB,EligUk00
Ukeme Eligwe,1,24,LB,EligUk00
Keith Ellison,4,22,LLB,ElliKe20
Keith Ellison,4,23,RLB,ElliKe20
Keith Ellison,7,24,LLB,ElliKe20
Keith Ellison,4,25,LLB,ElliKe20
Keith Ellison,1,26,LB,ElliKe20
Kyle Emanuel,5,25,ROLB,EmanKy00
Kyle Emanuel,6,26,LLB,EmanKy00
Kyle Emanuel,4,27,RLB,EmanKy00
Larry English,2,27,LOLB,EnglLa99
Jordan Evans,3,22,LB,EvanJo01
Jordan Evans,3,23,RLB,EvanJo01
Jordan Evans,1,24,LB,EvanJo01
Jordan Evans,2,25,LB,EvanJo01
Rashaan Evans,5,23,RILB,EvanRa01
Rashaan Evans,9,24,LILB,EvanRa01
Rashaan Evans,7,25,LILB,EvanRa01
Rashaan Evans,6,26,RILB,EvanRa01
Rashaan Evans,7,27,LB,EvanRa01
Kyler Fackrell,1,25,LB,FackKy00
Kyler Fackrell,2,26,LB,FackKy00
Kyler Fackrell,5,27,ROLB,FackKy00
Kyler Fackrell,2,28,LB,FackKy00
Kyler Fackrell,6,29,ROLB/LOLB,FackKy00
Kyler Fackrell,1,30,LB,FackKy00
Jaylon Ferguson,5,24,LOLB,FergJa02
Alfred Fincher,1,22,LB,FincAl20
Alfred Fincher,1,25,LB,FincAl20
Levar Fisher,5,24,RLB,FishLe20
Kylie Fitts,1,26,LB,FittKy00
Marquis Flowers,2,22,LB,FlowMa00
Marquis Flowers,2,24,LB,FlowMa00
Marquis Flowers,3,25,LB,FlowMa00
Moise Fokou,3,24,LB,FokoMo99
Moise Fokou,5,25,RLB,FokoMo99
Moise Fokou,3,26,RLB,FokoMo99
Moise Fokou,2,27,LB,FokoMo99
Moise Fokou,6,28,MLB,FokoMo99
Zack Follett,1,22,LB,FollZa99
Larry Foote,3,22,LB,FootLa20
Larry Foote,1,23,LB,FootLa20
Larry Foote,9,24,RILB,FootLa20
Larry Foote,9,25,RILB,FootLa20
Larry Foote,8,26,RILB,FootLa20
Larry Foote,8,27,RILB,FootLa20
Larry Foote,9,28,RILB,FootLa20
Larry Foote,5,29,MLB,FootLa20
Larry Foote,2,30,LB,FootLa20
Larry Foote,4,31,RILB,FootLa20
Larry Foote,10,32,LILB,FootLa20
Larry Foote,9,34,LILB,FootLa20
Dee Ford,1,23,LB,FordDe00
Dee Ford,3,24,LOLB,FordDe00
Dee Ford,7,25,LOLB,FordDe00
Dee Ford,8,27,LOLB,FordDe00
Dee Ford,2,28,LB,FordDe00
Jacob Ford,3,25,LB,FordJa99
Jacob Ford,1,26,LB,FordJa99
Josh Forrest,2,24,LB,ForrJo00
Mason Foster,5,22,MLB,FostMa00
Mason Foster,8,23,MLB,FostMa00
Mason Foster,7,24,MLB,FostMa00
Mason Foster,4,25,MLB,FostMa00
Mason Foster,3,26,RILB,FostMa00
Mason Foster,7,27,RILB,FostMa00
Mason Foster,9,29,RILB,FostMa00
Reuben Foster,5,23,MLB,FostRe00
Keyaron Fox,1,22,LB,FoxxKe20
Keyaron Fox,3,24,LB,FoxxKe20
Keyaron Fox,1,25,LB,FoxxKe20
Keyaron Fox,2,26,LB,FoxxKe20
Keyaron Fox,4,27,LB,FoxxKe20
Keyaron Fox,2,28,LB,FoxxKe20
Keyaron Fox,1,29,LB,FoxxKe20
Dwight Freeney,6,32,ROLB,FreeDw00
Dwight Freeney,4,34,LOLB,FreeDw00
Scott Fujita,4,23,LLB,FujiSc20
Scott Fujita,7,24,LLB,FujiSc20
Scott Fujita,5,25,LLB,FujiSc20
Scott Fujita,5,26,LOLB,FujiSc20
Scott Fujita,9,27,LLB,FujiSc20
Scott Fujita,7,28,LLB,FujiSc20
Scott Fujita,6,29,LLB,FujiSc20
Scott Fujita,4,30,LLB,FujiSc20
Scott Fujita,4,31,ROLB,FujiSc20
Scott Fujita,5,32,LLB,FujiSc20
Andrew Gachkar,1,23,LB,GachAn00
Andrew Gachkar,1,24,LB,GachAn00
Andrew Gachkar,2,25,LB,GachAn00
Andrew Gachkar,3,26,LILB,GachAn00
Andrew Gachkar,2,27,LB,GachAn00
Andrew Gachkar,1,28,LB,GachAn00
Omar Gaither,4,22,RLB,GaitOm20
Omar Gaither,8,23,MLB,GaitOm20
Omar Gaither,7,24,RLB,GaitOm20
Omar Gaither,2,26,LB,GaitOm20
Omar Gaither,2,27,LB,GaitOm20
Omar Gaither,1,29,LB,GaitOm20
Gilbert Gardner,1,22,LB,GardGi20
Gilbert Gardner,2,23,LB,GardGi20
Gilbert Gardner,4,24,LLB,GardGi20
Gilbert Gardner,1,25,LB,GardGi20
Jonathan Garvin,1,23,LB,GarvJo00
Ben Gedeon,5,23,LLB,GedeBe00
Ben Gedeon,5,24,LLB,GedeBe00
Ben Gedeon,2,25,LLB,GedeBe00
Jeremiah George,1,23,LB,GeorJe01
Jeremiah George,2,25,LB,GeorJe01
Nathan Gerry,8,24,RLB,GerrNa00
Tony Gilbert,1,25,LB,GilbTo20
Tony Gilbert,2,26,LB,GilbTo20
Tony Gilbert,2,27,LB,GilbTo20
Tony Gilbert,1,30,LB,GilbTo20
Ulysees Gilbert,1,24,LB,GilbUl00
Jordan Glasgow,1,24,LB,GlasJo00
Jordan Glasgow,1,25,LB,GlasJo00
Cody Glenn,1,23,LB,GlenCo99
Cody Glenn,1,24,LB,GlenCo99
Chris Gocong,6,24,LLB,GocoCh99
Chris Gocong,7,25,LLB,GocoCh99
Chris Gocong,4,26,RLB,GocoCh99
Chris Gocong,7,27,RILB,GocoCh99
Chris Gocong,8,28,RLB/LLB,GocoCh99
Travis Goethel,1,23,LB,GoetTr99
Jonathan Goff,2,24,LB,GoffJo99
Jonathan Goff,7,25,MLB,GoffJo99
Najee Goode,2,24,LB,GoodNa00
Najee Goode,1,26,LB,GoodNa00
Najee Goode,1,27,LB,GoodNa00
Najee Goode,3,28,LB,GoodNa00
Najee Goode,2,29,LB,GoodNa00
Najee Goode,2,30,LB,GoodNa00
Tavares Gooden,6,25,LILB,GoodTa99
Tavares Gooden,1,26,LB,GoodTa99
Tavares Gooden,1,27,LB,GoodTa99
Tavares Gooden,1,28,LB,GoodTa99
Zaviar Gooden,1,23,LB,GoodZa00
Zaviar Gooden,2,24,LB,GoodZa00
Zaviar Gooden,1,26,LB,GoodZa00
B.J. Goodson,1,23,LB,GoodB.00
B.J. Goodson,6,25,LILB,GoodB.00
B.J. Goodson,5,26,RILB,GoodB.00
B.J. Goodson,6,27,MLB,GoodB.00
Larry Grant,1,24,LB,GranLa99
Larry Grant,5,25,RLB,GranLa99
Larry Grant,3,26,LB,GranLa99
Larry Grant,1,27,LB,GranLa99
Roderick Green,1,22,LB,GreeRo20
Roderick Green,2,23,LB,GreeRo20
Roderick Green,1,24,LB,GreeRo20
Roderick Green,1,26,LB,GreeRo20
Khaseem Greene,2,24,LB,GreeKh00
Khaseem Greene,1,25,LB,GreeKh00
Chad Greenway,9,24,RLB,GreeCh99
Chad Greenway,9,25,LLB,GreeCh99
Chad Greenway,9,26,LLB,GreeCh99
Chad Greenway,9,27,LLB,GreeCh99
Chad Greenway,8,28,LLB,GreeCh99
Chad Greenway,13,29,LLB,GreeCh99
Chad Greenway,7,30,LLB,GreeCh99
Chad Greenway,6,31,LLB,GreeCh99
Chad Greenway,7,32,LLB,GreeCh99
Chad Greenway,5,33,LLB,GreeCh99
Nick Greisen,1,23,LB,GreiNi20
Nick Greisen,1,24,LB,GreiNi20
Nick Greisen,4,25,RLB,GreiNi20
Nick Greisen,7,26,RLB,GreiNi20
Nick Greisen,6,27,RLB,GreiNi20
Nick Greisen,2,28,LB,GreiNi20
Nick Greisen,2,29,LB,GreiNi20
Shaquem Griffin,2,23,LB,GrifSh01
Shaquem Griffin,1,24,LB,GrifSh01
Shaquem Griffin,1,25,LB,GrifSh01
Boomer Grigsby,1,24,LB,GrigBo20
Boomer Grigsby,1,25,LB,GrigBo20
Boomer Grigsby,1,26,LB,GrigBo20
Geneo Grissom,1,23,LB,GrisGe00
Geneo Grissom,1,24,LB,GrisGe00
Geneo Grissom,1,25,LB,GrisGe00
Quentin Groves,1,24,LB,GrovQu99
Quentin Groves,5,26,LLB,GrovQu99
Quentin Groves,2,27,LB,GrovQu99
Quentin Groves,5,28,LOLB,GrovQu99
Quentin Groves,2,30,LB,GrovQu99
Bryce Hager,1,23,LB,HageBr00
Bryce Hager,1,24,LB,HageBr00
Bryce Hager,2,25,LB,HageBr00
Bryce Hager,1,26,LB,HageBr00
Bryce Hager,2,28,LB,HageBr00
Mario Haggan,2,24,LB,HaggMa20
Mario Haggan,1,25,LB,HaggMa20
Mario Haggan,1,26,LB,HaggMa20
Mario Haggan,1,27,LB,HaggMa20
Mario Haggan,1,28,LB,HaggMa20
Mario Haggan,7,29,LOLB,HaggMa20
Mario Haggan,6,30,RILB,HaggMa20
Mario Haggan,2,31,LB,HaggMa20
Mario Haggan,2,32,LB,HaggMa20
Tyjuan Hagler,4,26,LLB,HaglTy20
Tyjuan Hagler,2,27,LB,HaglTy20
Tyjuan Hagler,4,29,LB,HaglTy20
Tamba Hali,7,26,ROLB,HaliTa20
Tamba Hali,9,27,ROLB,HaliTa20
Tamba Hali,11,28,ROLB,HaliTa20
Tamba Hali,7,29,ROLB,HaliTa20
Tamba Hali,13,30,ROLB,HaliTa20
Tamba Hali,11,31,ROLB,HaliTa20
Tamba Hali,9,32,ROLB,HaliTa20
Alex Hall,2,23,LB,HallAl99
Alex Hall,1,24,LB,HallAl99
Shaun Dion Hamilton,3,23,LB,DionSh00
Shaun Dion Hamilton,2,24,LB,DionSh00
Shaun Dion Hamilton,3,25,LB,DionSh00
Parys Haralson,5,23,LOLB,HaraPa20
Parys Haralson,5,24,RLB,HaraPa20
Parys Haralson,9,25,ROLB,HaraPa20
Parys Haralson,7,26,ROLB,HaraPa20
Parys Haralson,8,27,ROLB,HaraPa20
Parys Haralson,5,29,ROLB,HaraPa20
Parys Haralson,5,30,ROLB,HaraPa20
Eli Harold,5,22,ROLB,HaroEl00
Eli Harold,4,23,LLB,HaroEl00
David Harris,6,23,LILB/RILB,HarrDa99
David Harris,5,24,RILB,HarrDa99
David Harris,19,25,RILB,HarrDa99
David Harris,9,26,RILB,HarrDa99
David Harris,10,27,RILB,HarrDa99
David Harris,9,28,RILB,HarrDa99
David Harris,7,29,RILB,HarrDa99
David Harris,8,30,RILB,HarrDa99
David Harris,9,31,RILB,HarrDa99
David Harris,7,32,RILB,HarrDa99
David Harris,3,33,RLB,HarrDa99
Marcell Harris,7,27,RLB,HarrMa03
Marcell Harris,1,28,LB,HarrMa03
Napoleon Harris,6,23,MLB,HarrNa20
Napoleon Harris,7,24,MLB,HarrNa20
Napoleon Harris,3,25,RLB,HarrNa20
Napoleon Harris,2,26,LB,HarrNa20
Napoleon Harris,8,27,MLB,HarrNa20
Napoleon Harris,7,28,MLB,HarrNa20
Napoleon Harris,4,29,MLB,HarrNa20
Tyreo Harrison,1,23,LB,HarrTy20
A.J. Hawk,8,22,RLB,HawkA.20
A.J. Hawk,8,23,RLB,HawkA.20
A.J. Hawk,6,24,RLB/MLB,HawkA.20
A.J. Hawk,7,25,LILB,HawkA.20
A.J. Hawk,9,26,LILB,HawkA.20
A.J. Hawk,6,27,LILB,HawkA.20
A.J. Hawk,7,28,LILB,HawkA.20
A.J. Hawk,7,29,LILB,HawkA.20
A.J. Hawk,6,30,LILB,HawkA.20
A.J. Hawk,5,31,LLB,HawkA.20
Geno Hayes,1,21,LB,HayeGe98
Geno Hayes,6,22,RLB,HayeGe98
Geno Hayes,8,23,RLB,HayeGe98
Geno Hayes,4,24,RLB,HayeGe98
Geno Hayes,3,25,LB,HayeGe98
Geno Hayes,6,26,LILB,HayeGe98
Geno Hayes,5,27,LLB,HayeGe98
Gerald Hayes,1,23,LB,HayeGe20
Gerald Hayes,2,24,LB,HayeGe20
Gerald Hayes,6,26,MLB,HayeGe20
Gerald Hayes,8,27,MLB,HayeGe20
Gerald Hayes,5,28,MLB,HayeGe20
Gerald Hayes,6,29,RILB,HayeGe20
Adam Hayward,1,23,LB,HaywAd98
Adam Hayward,1,24,LB,HaywAd98
Adam Hayward,1,25,LB,HaywAd98
Adam Hayward,3,26,LB,HaywAd98
Adam Hayward,1,27,LB,HaywAd98
Adam Hayward,3,28,LLB,HaywAd98
Adam Hayward,2,29,LB,HaywAd98
Adam Hayward,1,30,LB,HaywAd98
Ben Heeney,2,23,LB,HeenBe00
E.J. Henderson,1,23,LB,HendE.20
E.J. Henderson,4,24,MLB,HendE.20
E.J. Henderson,6,25,RLB,HendE.20
E.J. Henderson,10,26,RLB,HendE.20
E.J. Henderson,8,27,MLB,HendE.20
E.J. Henderson,6,29,MLB,HendE.20
E.J. Henderson,11,30,MLB,HendE.20
E.J. Henderson,6,31,MLB,HendE.20
Will Herring,1,24,LB,HerrWi99
Will Herring,1,25,LB,HerrWi99
Will Herring,3,26,LLB,HerrWi99
Will Herring,2,27,LB,HerrWi99
Will Herring,1,28,LB,HerrWi99
Will Herring,1,29,LB,HerrWi99
Will Herring,2,30,LB,HerrWi99
Will Herring,1,31,LB,HerrWi99
Dont'a Hightower,7,22,RLB,HighDo01
Dont'a Hightower,7,23,RLB,HighDo01
Dont'a Hightower,6,24,RLB/MLB,HighDo01
Dont'a Hightower,7,25,RLB,HighDo01
Dont'a Hightower,13,26,MLB,HighDo01
Dont'a Hightower,8,28,LLB,HighDo01
Dont'a Hightower,17,29,MLB,HighDo01
Dont'a Hightower,8,31,ROLB,HighDo01
LeRoy Hill,6,23,LLB,HillLe20
LeRoy Hill,7,24,LLB,HillLe20
LeRoy Hill,7,25,LLB,HillLe20
LeRoy Hill,5,26,LLB,HillLe20
LeRoy Hill,4,27,LLB,HillLe20
LeRoy Hill,8,29,LLB,HillLe20
LeRoy Hill,6,30,LLB,HillLe20
Hunter Hillenmeyer,1,23,LB,HillHu20
Hunter Hillenmeyer,7,24,LLB,HillHu20
Hunter Hillenmeyer,7,25,LLB,HillHu20
Hunter Hillenmeyer,7,26,LLB,HillHu20
Hunter Hillenmeyer,7,27,LLB,HillHu20
Hunter Hillenmeyer,3,28,LLB,HillHu20
Hunter Hillenmeyer,6,29,MLB,HillHu20
Anthony Hitchens,6,22,RLB,HitcAn00
Anthony Hitchens,5,23,MLB,HitcAn00
Anthony Hitchens,7,24,MLB,HitcAn00
Anthony Hitchens,6,25,MLB,HitcAn00
Anthony Hitchens,6,26,LILB,HitcAn00
Anthony Hitchens,7,27,LLB,HitcAn00
Anthony Hitchens,6,28,LLB,HitcAn00
Anthony Hitchens,6,29,MLB,HitcAn00
Victor Hobson,2,23,LB,HobsVi20
Victor Hobson,6,24,LLB,HobsVi20
Victor Hobson,6,25,LLB,HobsVi20
Victor Hobson,8,26,RLB,HobsVi20
Victor Hobson,6,27,LOLB,HobsVi20
Abdul Hodge,1,24,LB,HodgAb20
Abdul Hodge,1,27,LB,HodgAb20
Gerald Hodges,1,22,LB,HodgGe00
Gerald Hodges,5,23,RLB,HodgGe00
Gerald Hodges,4,24,LB,HodgGe00
Gerald Hodges,5,25,RILB,HodgGe00
Gerald Hodges,1,26,LB,HodgGe00
Doug Hogue,1,22,LB,HoguDo01
Doug Hogue,1,23,LB,HoguDo01
DeVonte Holloman,1,22,LB,HollDe01
Marcus Howard,1,23,LB,HowaMa99
Thomas Howard,6,23,RLB,HowaTh20
Thomas Howard,8,24,RLB,HowaTh20
Thomas Howard,7,25,RLB,HowaTh20
Thomas Howard,6,26,RLB,HowaTh20
Thomas Howard,1,27,LB,HowaTh20
Thomas Howard,8,28,RLB,HowaTh20
Travin Howard,1,23,LB,HowaTr00
Travin Howard,2,25,LB,HowaTr00
Josh Hull,1,24,LB,HullJo99
Josh Hull,1,25,LB,HullJo99
Josh Hull,1,26,LB,HullJo99
Clint Ingram,7,23,LLB,IngrCl20
Clint Ingram,6,24,LLB,IngrCl20
Clint Ingram,5,25,LLB/RLB,IngrCl20
Clint Ingram,5,26,RLB,IngrCl20
Melvin Ingram,4,25,LOLB,IngrMe00
Melvin Ingram,8,26,LOLB,IngrMe00
Melvin Ingram,7,27,LOLB,IngrMe00
Melvin Ingram,3,33,LB,IngrMe00
Bruce Irvin,7,26,LLB,IrviBr00
Bruce Irvin,7,27,LLB,IrviBr00
Bruce Irvin,6,28,LLB,IrviBr00
Bruce Irvin,7,29,LLB,IrviBr00
Bruce Irvin,7,30,LLB,IrviBr00
Bruce Irvin,5,32,ROLB,IrviBr00
Bruce Irvin,4,35,LB,IrviBr00
Nate Irving,1,23,LB,IrviNa00
Nate Irving,1,24,LB,IrviNa00
Nate Irving,3,25,LB,IrviNa00
Nate Irving,4,26,MLB,IrviNa00
Nate Irving,1,27,LB,IrviNa00
Joel Iyiegbuniwe,1,23,LB,IyieJo00
Joel Iyiegbuniwe,1,24,LB,IyieJo00
Joel Iyiegbuniwe,1,25,LB,IyieJo00
Joel Iyiegbuniwe,1,26,LB,IyieJo00
Myles Jack,5,21,RLB,JackMy00
Myles Jack,9,22,RLB,JackMy00
Myles Jack,10,23,MLB,JackMy00
Myles Jack,5,24,MLB,JackMy00
Myles Jack,6,25,LLB,JackMy00
Myles Jack,6,26,RILB,JackMy00
Myles Jack,6,27,LB,JackMy00
Alonzo Jackson,1,25,LB,JackAl23
Andrew Jackson,1,22,LB,JackAn02
D'Qwell Jackson,6,23,RILB,JackDQ20
D'Qwell Jackson,6,24,RILB,JackDQ20
D'Qwell Jackson,9,25,RILB,JackDQ20
D'Qwell Jackson,10,28,MLB,JackDQ20
D'Qwell Jackson,9,29,MLB,JackDQ20
D'Qwell Jackson,7,30,RILB,JackDQ20
D'Qwell Jackson,11,31,MLB,JackDQ20
D'Qwell Jackson,8,32,LLB,JackDQ20
D'Qwell Jackson,6,33,LILB,JackDQ20
Rob Jackson,7,27,ROLB,JackRo99
Tyson Jackson,5,29,LOLB,JackTy98
Tyson Jackson,3,30,LOLB,JackTy98
Leon Jacobs,2,23,LB,JacoLe00
Leon Jacobs,4,24,RLB,JacoLe00
Bradie James,2,22,LB,JameBr20
Bradie James,2,23,LB,JameBr20
Bradie James,8,24,LILB,JameBr20
Bradie James,7,25,LILB,JameBr20
Bradie James,8,26,LILB,JameBr20
Bradie James,8,27,LILB,JameBr20
Bradie James,9,28,LILB,JameBr20
Bradie James,7,29,LILB,JameBr20
Bradie James,6,30,LILB,JameBr20
Bradie James,8,31,RILB,JameBr20
Cory James,3,23,MLB,JameCo00
Cory James,4,24,RLB,JameCo00
Robert James,1,29,LB,JameRo99
Corey Jenkins,1,27,LB,JenkCo20
Jelani Jenkins,1,21,LB,JenkJe00
Jelani Jenkins,6,22,RLB,JenkJe00
Jelani Jenkins,5,23,RLB,JenkJe00
Jelani Jenkins,3,24,RLB,JenkJe00
Jordan Jenkins,5,22,ROLB,JenkJo01
Jordan Jenkins,7,23,ROLB,JenkJo01
Jordan Jenkins,6,24,ROLB,JenkJo01
Jordan Jenkins,7,25,LLB,JenkJo01
Jordan Jenkins,6,26,ROLB/LOLB,JenkJo01
Jordan Jenkins,1,27,LB,JenkJo01
Leon Joe,2,24,LB,JoexLe20
Leon Joe,1,25,LB,JoexLe20
Leon Joe,1,26,LB,JoexLe20
Brandon Johnson,5,25,RLB,JohnBr20
Brandon Johnson,3,26,LB,JohnBr20
Brandon Johnson,3,27,LB,JohnBr20
Brandon Johnson,2,28,LB,JohnBr20
Brandon Johnson,1,29,LB,JohnBr20
Cam Johnson,4,26,LOLB,JohnCa01
Derrick Johnson,7,23,LLB,JohnDe25
Derrick Johnson,6,24,LLB,JohnDe25
Derrick Johnson,9,25,LLB,JohnDe25
Derrick Johnson,5,26,RLB,JohnDe25
Derrick Johnson,3,27,LB,JohnDe25
Derrick Johnson,9,28,RILB,JohnDe25
Derrick Johnson,14,29,RILB,JohnDe25
Derrick Johnson,8,30,RILB,JohnDe25
Derrick Johnson,11,31,RILB,JohnDe25
Derrick Johnson,14,33,LILB,JohnDe25
Derrick Johnson,7,34,LILB,JohnDe25
Derrick Johnson,7,35,RILB/LILB,JohnDe25
James-Michael Johnson,4,23,LLB,JohnJa04
James-Michael Johnson,2,24,LB,JohnJa04
James-Michael Johnson,5,25,RILB,JohnJa04
Jarret Johnson,6,26,LOLB,JohnJa23
Jarret Johnson,9,27,LOLB,JohnJa23
Jarret Johnson,8,28,ROLB,JohnJa23
Jarret Johnson,8,29,ROLB,JohnJa23
Jarret Johnson,9,30,ROLB,JohnJa23
Jarret Johnson,6,31,ROLB,JohnJa23
Jarret Johnson,4,32,ROLB,JohnJa23
Jarret Johnson,5,33,ROLB,JohnJa23
Kyron Johnson,1,24,LB,JohnKy02
Landon Johnson,6,23,MLB,JohnLa20
Landon Johnson,4,24,LLB,JohnLa20
Landon Johnson,7,25,RLB,JohnLa20
Landon Johnson,7,26,MLB/RLB,JohnLa20
Landon Johnson,1,27,LB,JohnLa20
Landon Johnson,2,28,LB,JohnLa20
Landon Johnson,4,29,LLB,JohnLa20
Nico Johnson,2,24,LB,JohnNi00
Randell Johnson,1,24,LB,JohnRa01
Clay Johnston,1,25,LB,JohnCl00
Clay Johnston,1,26,LB,JohnCl00
Brad Jones,4,23,LOLB,JoneBr99
Brad Jones,1,25,LB,JoneBr99
Brad Jones,5,26,RILB,JoneBr99
Brad Jones,6,27,RILB,JoneBr99
Brad Jones,1,28,LB,JoneBr99
Greg Jones,3,23,MLB,JoneGr02
Jarvis Jones,4,24,OLB,JoneJa05
Jarvis Jones,7,26,ROLB,JoneJa05
Jarvis Jones,5,27,ROLB,JoneJa05
Lamarcus Joyner,5,30,LLB,JoynLa00
Cato June,1,24,LB,JuneCa99
Cato June,7,25,RLB,JuneCa99
Cato June,12,26,RLB,JuneCa99
Cato June,7,27,RLB,JuneCa99
Cato June,8,28,LLB,JuneCa99
Cato June,7,29,LLB,JuneCa99
Peter Kalambayi,1,23,LB,KalaPe00
Peter Kalambayi,1,24,LB,KalaPe00
Peter Kalambayi,1,25,LB,KalaPe00
Aaron Kampman,4,30,LOLB,KampAa99
Stanford Keglar,1,23,LB,KeglSt99
Stanford Keglar,1,24,LB,KeglSt99
Stanford Keglar,1,25,LB,KeglSt99
Bryan Kehl,3,24,LB,KehlBr99
Bryan Kehl,1,25,LB,KehlBr99
Bryan Kehl,2,26,LB,KehlBr99
Bryan Kehl,1,27,LB,KehlBr99
Freddy Keiaho,1,24,LB,KeiaFr20
Freddy Keiaho,5,25,RLB,KeiaFr20
Freddy Keiaho,8,26,RLB,KeiaFr20
Freddy Keiaho,2,27,LB,KeiaFr20
Chris Kelsay,6,31,LOLB,KelsCh21
Chris Kelsay,4,32,LOLB,KelsCh21
Mychal Kendricks,5,22,RLB,KendMy00
Mychal Kendricks,9,23,RILB,KendMy00
Mychal Kendricks,5,24,LILB,KendMy00
Mychal Kendricks,6,25,RILB,KendMy00
Mychal Kendricks,4,26,RLB,KendMy00
Mychal Kendricks,7,27,LLB,KendMy00
Mychal Kendricks,6,29,LLB,KendMy00
Devon Kennard,3,23,LLB,KennDe00
Devon Kennard,3,24,LLB,KennDe00
Devon Kennard,5,25,LLB,KennDe00
Devon Kennard,5,26,LLB,KennDe00
Devon Kennard,7,27,LLB,KennDe00
Devon Kennard,8,28,LLB,KennDe00
Ryan Kerrigan,9,24,LOLB,KerrRy00
Ryan Kerrigan,7,25,LOLB,KerrRy00
Ryan Kerrigan,8,26,LOLB,KerrRy00
Ryan Kerrigan,8,27,ROLB,KerrRy00
Ryan Kerrigan,9,28,ROLB,KerrRy00
Ryan Kerrigan,11,29,ROLB,KerrRy00
Ryan Kerrigan,10,30,ROLB,KerrRy00
Ryan Kerrigan,4,31,ROLB,KerrRy00
Hau'oli Kikaha,4,23,RLB,KikaHa00
Hau'oli Kikaha,1,25,LB,KikaHa00
Micah Kiser,1,23,LB,KiseMi00
Micah Kiser,5,25,LILB,KiseMi00
Micah Kiser,2,26,LB,KiseMi00
Mathias Kiwanuka,4,24,LLB,KiwaMa20
Mathias Kiwanuka,7,28,LLB,KiwaMa20
Mathias Kiwanuka,3,29,LLB,KiwaMa20
A.J. Klein,2,22,LB,KleiAJ00
A.J. Klein,4,23,LLB,KleiAJ00
A.J. Klein,4,24,MLB,KleiAJ00
A.J. Klein,3,25,MLB,KleiAJ00
A.J. Klein,5,26,RLB,KleiAJ00
A.J. Klein,7,27,RLB,KleiAJ00
A.J. Klein,7,28,RLB,KleiAJ00
A.J. Klein,6,29,LLB,KleiAJ00
A.J. Klein,4,30,LB,KleiAJ00
A.J. Klein,2,31,LB,KleiAJ00
Bryan Knight,2,23,LB,KnigBr20
Bryan Knight,2,24,LB,KnigBr20
Niko Koutouvides,2,23,LB,KoutNi20
Niko Koutouvides,1,24,LB,KoutNi20
Niko Koutouvides,1,25,LB,KoutNi20
Niko Koutouvides,1,26,LB,KoutNi20
Niko Koutouvides,1,27,LB,KoutNi20
Niko Koutouvides,1,28,LB,KoutNi20
Niko Koutouvides,1,29,LB,KoutNi20
Niko Koutouvides,1,30,LB,KoutNi20
Niko Koutouvides,1,31,LB,KoutNi20
Paul Kruger,5,26,LB,KrugPa99
Paul Kruger,6,27,LOLB,KrugPa99
Paul Kruger,8,28,LOLB,KrugPa99
Paul Kruger,5,29,LOLB,KrugPa99
Luke Kuechly,8,21,MLB,KuecLu00
Luke Kuechly,18,22,MLB,KuecLu00
Luke Kuechly,15,23,MLB,KuecLu00
Luke Kuechly,15,24,MLB,KuecLu00
Luke Kuechly,10,25,MLB,KuecLu00
Luke Kuechly,15,26,MLB,KuecLu00
Luke Kuechly,14,27,MLB,KuecLu00
Luke Kuechly,12,28,RILB,KuecLu00
Nick Kwiatkoski,3,23,LILB,KwiaNi00
Nick Kwiatkoski,4,24,LB,KwiaNi00
Nick Kwiatkoski,2,25,LB,KwiaNi00
Nick Kwiatkoski,6,26,LILB,KwiaNi00
Nick Kwiatkoski,5,27,MLB,KwiaNi00
Nick Kwiatkoski,1,28,LB,KwiaNi00
Nick Kwiatkoski,1,29,LB,KwiaNi00
Travis LaBoy,5,30,ROLB,LaBoTr20
Ryan LaCasse,1,23,LB,LaCaRy20
Joey LaRocque,1,22,LB,LaRoJo99
Spencer Larsen,1,24,LB,LarsSp99
Spencer Larsen,1,25,LB,LarsSp99
James Laurinaitis,7,23,MLB,LaurJa99
James Laurinaitis,9,24,MLB,LaurJa99
James Laurinaitis,8,25,MLB,LaurJa99
James Laurinaitis,9,26,MLB,LaurJa99
James Laurinaitis,8,27,MLB,LaurJa99
James Laurinaitis,10,28,MLB,LaurJa99
James Laurinaitis,8,29,MLB,LaurJa99
Manny Lawson,5,22,LLB/LOLB,LawsMa20
Manny Lawson,5,24,LLB,LawsMa20
Manny Lawson,9,25,LOLB,LawsMa20
Manny Lawson,7,26,LOLB,LawsMa20
Manny Lawson,7,27,LLB,LawsMa20
Manny Lawson,6,28,LLB,LawsMa20
Manny Lawson,8,29,LLB,LawsMa20
Manny Lawson,7,31,LLB,LawsMa20
Ben Leber,6,24,LLB,LebeBe20
Ben Leber,5,25,LLB,LebeBe20
Ben Leber,7,26,LOLB,LebeBe20
Ben Leber,3,27,LOLB,LebeBe20
Ben Leber,7,28,LLB,LebeBe20
Ben Leber,6,29,LLB,LebeBe20
Ben Leber,9,30,RLB,LebeBe20
Ben Leber,6,31,RLB,LebeBe20
Ben Leber,5,32,RLB,LebeBe20
Darron Lee,4,22,LILB,LeexDa00
Darron Lee,7,23,LILB,LeexDa00
Darron Lee,7,24,LILB,LeexDa00
Darron Lee,2,25,LB,LeexDa00
Elijah Lee,1,21,LB,LeexEl00
Elijah Lee,4,22,RLB,LeexEl00
Elijah Lee,1,23,LB,LeexEl00
Elijah Lee,1,24,LB,LeexEl00
Elijah Lee,1,25,LB,LeexEl00
Elijah Lee,1,26,LB,LeexEl00
Marquel Lee,3,22,MLB,LeexMa01
Marquel Lee,4,23,MLB,LeexMa01
Marquel Lee,1,26,LB,LeexMa01
Sean Lee,2,24,LB,LeexSe99
Sean Lee,8,25,RILB,LeexSe99
Sean Lee,5,27,MLB,LeexSe99
Sean Lee,10,29,RLB,LeexSe99
Sean Lee,16,30,RLB,LeexSe99
Sean Lee,6,31,RLB,LeexSe99
Sean Lee,7,33,LLB,LeexSe99
Sean Lee,1,34,LB,LeexSe99
Teddy Lehman,7,23,RLB,LehmTe20
Teddy Lehman,1,26,LB,LehmTe20
DeAndre Levy,4,22,RLB,LevyDe99
DeAndre Levy,6,23,MLB,LevyDe99
DeAndre Levy,8,24,RLB,LevyDe99
DeAndre Levy,6,25,RLB,LevyDe99
DeAndre Levy,10,26,RLB,LevyDe99
DeAndre Levy,15,27,RLB,LevyDe99
Alex Lewis,2,23,LB,LewiAl20
Alex Lewis,2,25,LB,LewiAl20
Alex Lewis,1,26,LB,LewiAl20
Alex Lewis,2,27,LB,LewiAl20
Ronnell Lewis,1,22,LB,LewiRo02
Travis Lewis,1,24,LB,LewiTr00
Travis Lewis,1,25,LB,LewiTr00
Travis Lewis,2,27,LB,LewiTr00
Curtis Lofton,7,22,MLB,LoftCu99
Curtis Lofton,8,23,MLB,LoftCu99
Curtis Lofton,8,24,MLB,LoftCu99
Curtis Lofton,9,25,MLB,LoftCu99
Curtis Lofton,6,26,MLB,LoftCu99
Curtis Lofton,9,27,RILB,LoftCu99
Curtis Lofton,7,28,RILB,LoftCu99
Curtis Lofton,4,29,MLB,LoftCu99
Aaron Lynch,5,22,ROLB,LyncAa00
Kaluka Maiava,2,22,LB,MaiaKa99
Kaluka Maiava,4,24,RLB,MaiaKa99
Kaluka Maiava,6,25,RLB,MaiaKa99
Kaluka Maiava,1,26,LB,MaiaKa99
Wesly Mallard,1,24,LB,MallWe20
Wesly Mallard,1,25,LB,MallWe20
Wesly Mallard,1,28,LB,MallWe20
Cassh Maluia,1,22,LB,MaluCa00
Brandon Marshall,7,25,RLB,MarsBr01
Brandon Marshall,9,26,LILB,MarsBr01
Brandon Marshall,5,27,RILB,MarsBr01
Brandon Marshall,8,28,LILB,MarsBr01
Brandon Marshall,3,29,RILB,MarsBr01
Kamal Martin,3,22,RILB,MartKa01
Kareem Martin,5,25,ROLB,MartKa00
Kareem Martin,3,26,LOLB,MartKa00
Blake Martinez,4,22,RILB,MartBl01
Blake Martinez,8,23,RILB,MartBl01
Blake Martinez,9,24,LILB,MartBl01
Blake Martinez,10,25,LILB,MartBl01
Blake Martinez,9,26,LILB,MartBl01
Robert Mathis,8,31,LOLB,MathRo20
Robert Mathis,15,32,ROLB,MathRo20
Robert Mathis,5,34,RLB,MathRo20
Robert Mathis,6,35,ROLB,MathRo20
Casey Matthews,3,22,LB,MattCa00
Casey Matthews,1,23,LB,MattCa00
Casey Matthews,1,24,LB,MattCa00
Casey Matthews,5,25,RILB,MattCa00
Clay Matthews,9,23,ROLB,MattCl99
Clay Matthews,17,24,LOLB,MattCl99
Clay Matthews,9,25,LOLB,MattCl99
Clay Matthews,10,26,ROLB,MattCl99
Clay Matthews,5,27,ROLB,MattCl99
Clay Matthews,10,28,ROLB/RILB,MattCl99
Clay Matthews,13,29,RILB,MattCl99
Clay Matthews,4,30,ROLB,MattCl99
Clay Matthews,6,31,LOLB,MattCl99
Clay Matthews,7,32,LOLB,MattCl99
Clay Matthews,5,33,LILB,MattCl99
Rey Maualuga,7,22,LLB,MauaRe99
Rey Maualuga,7,23,LLB,MauaRe99
Rey Maualuga,7,24,MLB,MauaRe99
Rey Maualuga,9,25,MLB,MauaRe99
Rey Maualuga,8,26,MLB,MauaRe99
Rey Maualuga,6,27,MLB,MauaRe99
Rey Maualuga,8,28,MLB,MauaRe99
Rey Maualuga,4,29,MLB,MauaRe99
Lorenzo Mauldin,2,23,LB,MaulLo00
Lorenzo Mauldin,2,24,LB,MaulLo00
Michael Mauti,1,23,LB,MautMi00
Michael Mauti,1,24,LB,MautMi00
Michael Mauti,2,25,LB,MautMi00
Michael Mauti,1,26,LB,MautMi00
Michael Mauti,1,27,LB,MautMi00
Jerod Mayo,9,22,LILB,MayoJe99
Jerod Mayo,7,23,LILB,MayoJe99
Jerod Mayo,14,24,LILB,MayoJe99
Jerod Mayo,6,25,MLB,MayoJe99
Jerod Mayo,11,26,LLB,MayoJe99
Jerod Mayo,5,29,MLB,MayoJe99
Joe Mays,1,24,LB,MaysJo99
Joe Mays,2,25,RILB,MaysJo99
Joe Mays,6,26,RILB,MaysJo99
Joe Mays,6,28,RILB,MaysJo99
Joe Mays,2,29,LB,MaysJo99
Joe Mays,1,30,LB,MaysJo99
Colin McCarthy,5,22,MLB,McCaCo00
Colin McCarthy,3,24,MLB,McCaCo00
Rolando McClain,6,21,MLB,McClRo00
Rolando McClain,6,22,MLB,McClRo00
Rolando McClain,4,23,MLB,McClRo00
Rolando McClain,6,25,MLB,McClRo00
Rolando McClain,6,26,MLB,McClRo00
Shea McClellin,3,25,RLB,McClSh00
Shea McClellin,5,26,LILB,McClSh00
Darrell McClover,1,23,LB,McClDa21
Darrell McClover,1,27,LB,McClDa21
Darrell McClover,1,28,LB,McClDa21
Matt McCoy,5,24,RLB,McCoMa20
Matt McCoy,1,25,LB,McCoMa20
Matt McCoy,1,27,LB,McCoMa20
Matt McCoy,1,28,LB,McCoMa20
Tim McGarigle,1,24,LB,McGaTi99
Rocky McIntosh,2,24,LB,McInRo20
Rocky McIntosh,7,25,RLB,McInRo20
Rocky McIntosh,9,26,RLB,McInRo20
Rocky McIntosh,8,27,RLB,McInRo20
Rocky McIntosh,7,28,RILB,McInRo20
Rocky McIntosh,4,29,MLB,McInRo20
Rocky McIntosh,5,30,LLB,McInRo20
Rocky McIntosh,1,31,LB,McInRo20
Tyrone McKenzie,1,27,LB,McKeTy99
Scott McKillop,2,23,LB,McKiSc99
Benardrick McKinney,6,23,RILB,McKiBe00
Benardrick McKinney,14,24,RILB,McKiBe00
Benardrick McKinney,7,25,LILB,McKiBe00
Benardrick McKinney,12,26,LILB,McKiBe00
Benardrick McKinney,6,27,LILB,McKiBe00
Benardrick McKinney,2,29,LB,McKiBe00
Pernell McPhee,6,27,ROLB,McPhPe00
Pernell McPhee,6,32,LOLB,McPhPe00
Gerald McRath,3,23,LLB,McRaGe99
Gerald McRath,3,24,LLB,McRaGe99
Gerald McRath,1,25,LB,McRaGe99
Steven Means,5,31,LOLB,MeanSt00
Whitney Mercilus,7,23,ROLB,MercWh00
Whitney Mercilus,7,24,ROLB,MercWh00
Whitney Mercilus,7,25,LOLB,MercWh00
Whitney Mercilus,14,26,LOLB,MercWh00
Whitney Mercilus,5,28,LOLB,MercWh00
Whitney Mercilus,7,29,LOLB,MercWh00
Whitney Mercilus,5,30,LOLB,MercWh00
Shawne Merriman,7,21,LOLB,MerrSh99
Shawne Merriman,13,22,LOLB/ROLB,MerrSh99
Shawne Merriman,13,23,ROLB,MerrSh99
Shawne Merriman,6,25,ROLB,MerrSh99
Shawne Merriman,1,28,LB,MerrSh99
Caleb Miller,2,24,LB,MillCa20
Caleb Miller,4,26,MLB,MillCa20
Barkevious Mingo,3,23,LB,MingBa00
Barkevious Mingo,6,24,ROLB,MingBa00
Barkevious Mingo,2,25,LB,MingBa00
Barkevious Mingo,1,26,LB,MingBa00
Barkevious Mingo,4,27,LOLB,MingBa00
Barkevious Mingo,7,28,LLB,MingBa00
Barkevious Mingo,1,29,LB,MingBa00
Barkevious Mingo,3,30,LB,MingBa00
Kevin Minter,1,23,LB,MintKe00
Kevin Minter,4,24,RILB,MintKe00
Kevin Minter,7,25,LILB,MintKe00
Kevin Minter,8,26,RILB,MintKe00
Kevin Minter,3,27,MLB,MintKe00
Kevin Minter,2,29,LB,MintKe00
Kevin Minter,2,30,LB,MintKe00
Kevin Minter,3,31,RILB,MintKe00
Koa Misi,6,23,LOLB,MisiKo99
Koa Misi,5,24,LOLB,MisiKo99
Koa Misi,7,25,RLB,MisiKo99
Koa Misi,6,26,RLB,MisiKo99
Koa Misi,4,27,MLB,MisiKo99
Koa Misi,5,28,LLB,MisiKo99
Kawika Mitchell,3,24,MLB,MitcKa20
Kawika Mitchell,4,25,MLB,MitcKa20
Kawika Mitchell,8,26,MLB,MitcKa20
Kawika Mitchell,8,27,MLB,MitcKa20
Kawika Mitchell,9,28,RLB,MitcKa20
Kawika Mitchell,7,29,RLB,MitcKa20
Lance Mitchell,1,24,LB,MitcLa20
Marvin Mitchell,1,23,LB,MitcMa99
Marvin Mitchell,1,24,LB,MitcMa99
Marvin Mitchell,2,25,LB,MitcMa99
Marvin Mitchell,2,26,LB,MitcMa99
Marvin Mitchell,2,27,LB,MitcMa99
Marvin Mitchell,1,28,LB,MitcMa99
Marvin Mitchell,4,29,RLB,MitcMa99
Arthur Moats,2,22,LB,MoatAr00
Arthur Moats,1,23,LB,MoatAr00
Arthur Moats,2,24,LB,MoatAr00
Arthur Moats,6,25,RLB,MoatAr00
Arthur Moats,4,26,ROLB,MoatAr00
Arthur Moats,6,27,LOLB,MoatAr00
Arthur Moats,3,28,LOLB,MoatAr00
Arthur Moats,1,29,LB,MoatAr00
Mike Mohamed,1,25,LB,MohaMi00
Mike Mohamed,3,26,LB,MohaMi00
Quincy Monk,1,23,LB,MonkQu20
Nick Moody,2,24,LB,MoodNi00
Eddie Moore,3,24,LB,MoorEd20
Sio Moore,5,23,RLB,MoorSi00
Sio Moore,5,24,LLB,MoorSi00
Sio Moore,1,25,LB,MoorSi00
Sio Moore,4,26,LB,MoorSi00
Derrick Morgan,6,25,LOLB,MorgDe99
Derrick Morgan,4,26,LOLB,MorgDe99
Derrick Morgan,7,27,LOLB,MorgDe99
Derrick Morgan,6,28,LOLB,MorgDe99
Derrick Morgan,6,29,LOLB,MorgDe99
Antonio Morrison,3,22,LB,MorrAn01
Antonio Morrison,6,23,LILB,MorrAn01
Antonio Morrison,4,24,RILB,MorrAn01
Kirk Morrison,7,23,LLB,MorrKi20
Kirk Morrison,8,24,MLB,MorrKi20
Kirk Morrison,8,25,MLB,MorrKi20
Kirk Morrison,7,26,MLB,MorrKi20
Kirk Morrison,7,27,MLB,MorrKi20
Kirk Morrison,5,28,MLB,MorrKi20
Kirk Morrison,1,29,LB,MorrKi20
Roddrick Muckelroy,1,24,LB,MuckRo99
Trent Murphy,4,24,ROLB,MurpTr00
Trent Murphy,7,25,LOLB,MurpTr00
Trent Murphy,2,26,LB,MurpTr00
Carl Nassib,4,26,LOLB,NassCa00
Carl Nassib,2,29,OLB,NassCa00
Mike Nattiel,2,23,LB,NattMi20
Mike Nattiel,1,24,LB,NattMi20
Mike Neal,2,25,LB,NealMi99
Mike Neal,5,26,LOLB,NealMi99
Mike Neal,3,27,LB,NealMi99
Mike Neal,8,28,ROLB,NealMi99
Corey Nelson,1,22,LB,NelsCo00
Corey Nelson,2,23,LB,NelsCo00
Corey Nelson,4,24,RILB,NelsCo00
Jonathan Newsome,2,23,LB,NewsJo00
Jonathan Newsome,2,24,LB,NewsJo00
Stephen Nicholas,1,24,LB,NichSt99
Stephen Nicholas,1,25,LB,NichSt99
Stephen Nicholas,7,26,LLB,NichSt99
Stephen Nicholas,6,27,LLB,NichSt99
Stephen Nicholas,4,28,RLB,NichSt99
Stephen Nicholas,8,29,RLB,NichSt99
Stephen Nicholas,2,30,LB,NichSt99
Dadi Nicolas,1,24,LB,NicoDa00
Rob Ninkovich,6,26,LOLB,NinkRo20
Rob Ninkovich,8,27,LLB,NinkRo20
Rob Ninkovich,6,32,RLB,NinkRo20
Chad Nkang,2,22,LB,NkanCh99
Eric Norwood,1,22,LB,NorwEr99
Eric Norwood,1,23,LB,NorwEr99
Mark Nzeocha,1,27,LB,NzeoMa00
Mark Nzeocha,2,28,LB,NzeoMa00
Mark Nzeocha,2,29,LB,NzeoMa00
Dorian O'Daniel,2,24,LB,ODanDo00
Dorian O'Daniel,1,25,LB,ODanDo00
Dorian O'Daniel,1,26,LB,ODanDo00
Dorian O'Daniel,1,27,LB,ODanDo00
Joe Odom,2,24,LB,OdomJo20
Joe Odom,4,25,LLB,OdomJo20
Alec Ogletree,8,22,LLB,OgleAl00
Alec Ogletree,9,23,LLB,OgleAl00
Alec Ogletree,13,25,MLB,OgleAl00
Alec Ogletree,8,26,RILB,OgleAl00
Alec Ogletree,7,27,RILB,OgleAl00
Alec Ogletree,6,28,LILB,OgleAl00
Alec Ogletree,6,30,LILB,OgleAl00
Alex Okafor,7,23,LOLB,OkafAl00
Alex Okafor,6,24,ROLB,OkafAl00
Brian Orakpo,10,23,LLB,OrakBr99
Brian Orakpo,9,24,ROLB,OrakBr99
Brian Orakpo,7,25,RLB,OrakBr99
Brian Orakpo,9,27,ROLB,OrakBr99
Brian Orakpo,6,29,ROLB,OrakBr99
Brian Orakpo,11,30,ROLB,OrakBr99
Brian Orakpo,7,31,ROLB,OrakBr99
Brian Orakpo,7,32,ROLB,OrakBr99
Nate Orchard,5,22,ROLB,OrchNa00
Calvin Pace,2,26,LLB,PaceCa20
Calvin Pace,8,27,LLB,PaceCa20
Calvin Pace,8,28,ROLB,PaceCa20
Calvin Pace,8,29,ROLB,PaceCa20
Calvin Pace,7,30,ROLB,PaceCa20
Calvin Pace,9,31,ROLB,PaceCa20
Calvin Pace,8,32,ROLB,PaceCa20
Calvin Pace,7,33,ROLB,PaceCa20
Calvin Pace,7,34,ROLB,PaceCa20
Calvin Pace,7,35,ROLB,PaceCa20
Nate Palmer,1,24,LB,PalmNa01
Nate Palmer,6,26,LILB,PalmNa01
Nate Palmer,1,27,LB,PalmNa01
Nate Palmer,1,28,LB,PalmNa01
Antwan Peek,2,24,LB,PeekAn20
Antwan Peek,2,25,LB,PeekAn20
Antwan Peek,5,26,ROLB,PeekAn20
Antwan Peek,1,27,LB,PeekAn20
Antwan Peek,3,28,LOLB,PeekAn20
Julius Peppers,9,34,LOLB,PeppJu99
Julius Peppers,12,35,LOLB,PeppJu99
Julius Peppers,5,36,LOLB,PeppJu99
Joshua Perry,1,22,LB,PerrJo01
Nick Perry,3,23,LOLB,PerrNi00
Nick Perry,6,26,ROLB,PerrNi00
Nick Perry,5,27,ROLB,PerrNi00
Nick Perry,4,28,ROLB,PerrNi00
Jason Phillips,1,24,LB,PhilJa99
Jason Phillips,2,26,LB,PhilJa99
Shaun Phillips,7,25,ROLB/LOLB,PhilSh20
Shaun Phillips,8,26,LOLB,PhilSh20
Shaun Phillips,7,27,LOLB,PhilSh20
Shaun Phillips,7,28,LOLB,PhilSh20
Shaun Phillips,11,29,LOLB,PhilSh20
Shaun Phillips,4,30,LOLB,PhilSh20
Shaun Phillips,8,31,LOLB,PhilSh20
Terry Pierce,1,23,LB,PierTe20
Kevin Pierre-Louis,2,24,LB,PierKe00
Kevin Pierre-Louis,1,25,LB,PierKe00
Kevin Pierre-Louis,2,26,LB,PierKe00
Kevin Pierre-Louis,1,27,LB,PierKe00
Kevin Pierre-Louis,3,28,LB,PierKe00
Kevin Pierre-Louis,6,29,RLB,PierKe00
Kevin Pierre-Louis,1,30,LB,PierKe00
Jason Pierre-Paul,4,30,LOLB,PierJa99
Jason Pierre-Paul,13,31,LOLB,PierJa99
Jason Pierre-Paul,6,32,LOLB,PierJa99
Jason Pierre-Paul,6,33,OLB,PierJa99
Jachai Polite,1,23,LB,PoliJa00
David Pollack,3,23,LLB,PollDa20
Derrick Pope,4,22,LB,PopeDe20
Derrick Pope,2,23,LB,PopeDe20
Derrick Pope,1,24,LB,PopeDe20
Derrick Pope,4,25,MLB,PopeDe20
Brady Poppinga,2,26,LB,PoppBr20
Brady Poppinga,6,27,LLB,PoppBr20
Brady Poppinga,7,28,LLB,PoppBr20
Brady Poppinga,4,29,LLB,PoppBr20
Brady Poppinga,2,30,LB,PoppBr20
Brady Poppinga,5,32,LLB,PoppBr20
Paul Posluszny,8,24,MLB,PoluPa99
Paul Posluszny,7,25,MLB,PoluPa99
Paul Posluszny,6,26,RILB,PoluPa99
Paul Posluszny,9,27,MLB,PoluPa99
Paul Posluszny,8,28,MLB,PoluPa99
Paul Posluszny,9,29,RILB,PoluPa99
Paul Posluszny,7,31,MLB,PoluPa99
Paul Posluszny,8,32,MLB,PoluPa99
Paul Posluszny,6,33,MLB,PoluPa99
Ronald Powell,1,23,LB,PoweRo01
Hayes Pullard,1,23,LB,PullHa00
Hayes Pullard,1,24,LB,PullHa00
Hayes Pullard,6,25,MLB,PullHa00
Hayes Pullard,1,26,LB,PullHa00
Robert Quinn,6,27,LOLB,QuinRo00
Robert Quinn,6,30,ROLB,QuinRo00
Robert Quinn,11,31,LOLB/ROLB,QuinRo00
Reggie Ragland,5,24,LILB,RaglRe00
Reggie Ragland,6,25,RILB,RaglRe00
Reggie Ragland,4,26,RLB,RaglRe00
Reggie Ragland,3,27,MLB,RaglRe00
Reggie Ragland,5,28,LOLB,RaglRe00
Saleem Rasheed,1,22,LB,RashSa20
Saleem Rasheed,2,23,LB,RashSa20
Saleem Rasheed,1,24,LB,RashSa20
Brooks Reed,7,24,LOLB,ReedBr00
Brooks Reed,5,25,LOLB,ReedBr00
Brooks Reed,7,26,LOLB,ReedBr00
Brooks Reed,7,27,LOLB,ReedBr00
Brooks Reed,2,28,RILB,ReedBr00
Brooks Reed,1,32,LB,ReedBr00
Trevor Reilly,1,26,LB,ReilTr00
Trevor Reilly,2,27,LB,ReilTr00
Robert Reynolds,1,23,LB,ReynRo20
Robert Reynolds,1,24,LB,ReynRo20
Sheldon Richardson,6,25,LOLB,RichSh00
Sheldon Richardson,6,26,LOLB,RichSh00
Perry Riley,1,22,LB,RilePe00
Perry Riley,4,23,MLB,RilePe00
Perry Riley,7,24,RILB,RilePe00
Perry Riley,7,25,RILB,RilePe00
Perry Riley,6,26,RILB,RilePe00
Perry Riley,5,27,RILB,RilePe00
Perry Riley,4,28,MLB,RilePe00
Keith Rivers,7,23,RLB,RiveKe99
Keith Rivers,6,24,RLB,RiveKe99
Keith Rivers,3,26,LLB,RiveKe99
Keith Rivers,5,27,LLB,RiveKe99
Keith Rivers,2,28,LB,RiveKe99
Edmond Robinson,1,23,LB,RobiEd00
Edmond Robinson,1,24,LB,RobiEd00
Edmond Robinson,1,28,LB,RobiEd00
Keenan Robinson,1,23,LB,RobiKe01
Keenan Robinson,7,25,LILB,RobiKe01
Keenan Robinson,5,26,LILB,RobiKe01
Keenan Robinson,4,27,MLB,RobiKe01
Quincy Roche,2,23,LB,RochQu00
Justin Rogers,1,24,LB,RogeJu99
Justin Rogers,1,25,LB,RogeJu99
Nick Rogers,4,23,LLB,RogeNi20
Nick Rogers,2,24,RLB,RogeNi20
Nick Rogers,1,25,LB,RogeNi20
Brian Rolle,6,23,LLB,RollBr00
Matt Roth,7,26,LOLB,RothMa20
Matt Roth,7,28,LOLB,RothMa20
Barrett Ruud,2,22,LB,RuudBa20
Barrett Ruud,3,23,MLB,RuudBa20
Barrett Ruud,10,24,MLB,RuudBa20
Barrett Ruud,10,25,MLB,RuudBa20
Barrett Ruud,7,26,MLB,RuudBa20
Barrett Ruud,8,27,MLB,RuudBa20
Barrett Ruud,5,28,MLB,RuudBa20
Barrett Ruud,1,29,LB,RuudBa20
Jake Ryan,4,23,LILB,RyanJa00
Jake Ryan,5,24,LILB,RyanJa00
Jake Ryan,6,25,LILB,RyanJa00
DeMeco Ryans,7,22,MLB,RyanDe20
DeMeco Ryans,10,23,MLB,RyanDe20
DeMeco Ryans,7,24,MLB,RyanDe20
DeMeco Ryans,11,25,MLB,RyanDe20
DeMeco Ryans,8,27,RILB,RyanDe20
DeMeco Ryans,6,28,MLB,RyanDe20
DeMeco Ryans,9,29,LILB,RyanDe20
DeMeco Ryans,4,30,LILB,RyanDe20
DeMeco Ryans,6,31,LILB,RyanDe20
Ricky Sapp,1,27,LB,SappRi99
Anthony Schlegel,2,26,MLB,SchlAn20
Joe Schobert,2,23,LB,SchoJo00
Joe Schobert,9,24,MLB,SchoJo00
Joe Schobert,7,25,MLB,SchoJo00
Joe Schobert,9,26,MLB,SchoJo00
Joe Schobert,7,27,MLB,SchoJo00
Joe Schobert,6,28,LILB,SchoJo00
O'Brien Schofield,1,23,LB,SchoOB99
O'Brien Schofield,2,24,LB,SchoOB99
O'Brien Schofield,5,25,ROLB,SchoOB99
O'Brien Schofield,2,26,LB,SchoOB99
O'Brien Schofield,2,27,LB,SchoOB99
O'Brien Schofield,4,28,ROLB,SchoOB99
Bryan Scott,8,28,RCB/LLB,ScotBr20
Bryan Scott,7,30,LB,ScotBr20
Bryan Scott,6,31,LB,ScotBr20
Trevor Scott,3,25,LLB,ScotTr99
Clint Session,2,23,LB,SessCl99
Clint Session,7,24,LLB,SessCl99
Clint Session,7,25,RLB,SessCl99
Clint Session,3,27,RLB,SessCl99
Adam Seward,2,24,LB,SewaAd20
Adam Seward,1,25,LB,SewaAd20
Adam Seward,1,26,LB,SewaAd20
Scott Shanle,2,25,LB,ShanSc20
Scott Shanle,5,26,RILB,ShanSc20
Scott Shanle,8,27,RLB,ShanSc20
Scott Shanle,5,28,RLB,ShanSc20
Scott Shanle,7,29,RLB,ShanSc20
Scott Shanle,7,30,RLB,ShanSc20
Scott Shanle,6,31,RLB,ShanSc20
Scott Shanle,7,32,ROLB,ShanSc20
Darryl Sharpton,2,22,RLB,SharDa01
Darryl Sharpton,1,23,LB,SharDa01
Darryl Sharpton,4,25,LILB,SharDa01
Matt Shaughnessy,7,27,LOLB,ShauMa99
Matt Shaughnessy,3,28,ROLB,ShauMa99
Tim Shaw,1,23,LB,ShawTi99
Tim Shaw,1,25,LB,ShawTi99
Tim Shaw,2,26,LB,ShawTi99
Tim Shaw,1,27,LB,ShawTi99
Tim Shaw,2,28,LB,ShawTi99
Ryan Shazier,2,22,LILB,ShazRy00
Ryan Shazier,7,23,LILB,ShazRy00
Ryan Shazier,10,24,LILB,ShazRy00
Ryan Shazier,9,25,LILB,ShazRy00
Jabaal Sheard,5,24,ROLB,SheaJa00
Jabaal Sheard,3,25,ROLB,SheaJa00
Jabaal Sheard,6,28,ROLB,SheaJa00
Cameron Sheffield,1,23,LB,ShefCa99
Prince Shembo,2,23,LB,ShemPr00
Kelvin Sheppard,4,23,LILB,ShepKe00
Kelvin Sheppard,5,24,MLB,ShepKe00
Kelvin Sheppard,4,25,LILB,ShepKe00
Kelvin Sheppard,1,26,LB,ShepKe00
Kelvin Sheppard,6,27,MLB,ShepKe00
Kelvin Sheppard,5,28,MLB,ShepKe00
Brandon Siler,2,22,LB,SileBr99
Brandon Siler,1,23,LB,SileBr99
Brandon Siler,5,24,RILB,SileBr99
Brandon Siler,3,25,LILB,SileBr99
Brandon Siler,2,27,LB,SileBr99
John Simon,6,25,ROLB,SimoJo01
John Simon,4,26,ROLB,SimoJo01
John Simon,4,27,LOLB,SimoJo01
Ernie Sims,6,22,RLB,SimsEr20
Ernie Sims,6,23,RLB,SimsEr20
Ernie Sims,5,24,RLB,SimsEr20
Ernie Sims,3,25,RLB,SimsEr20
Ernie Sims,6,26,LLB,SimsEr20
Ernie Sims,2,27,LB,SimsEr20
Ernie Sims,3,28,RILB,SimsEr20
Ernie Sims,2,29,LB,SimsEr20
Eugene Sims,1,24,LB,SimsEu99
Eugene Sims,1,25,LB,SimsEu99
Eugene Sims,2,26,LB,SimsEu99
Eugene Sims,2,27,LB,SimsEu99
Eugene Sims,3,28,LB,SimsEu99
Clint Sintim,1,23,LB,SintCl99
Clint Sintim,1,24,LB,SintCl99
Aldon Smith,15,23,ROLB,SmitAl04
Aldon Smith,5,24,ROLB,SmitAl04
Aldon Smith,3,26,LLB,SmitAl04
Brandon Smith,1,21,LB,SmitBr08
D.J. Smith,2,22,LB,SmitD.00
Daryl Smith,8,22,LLB,SmitDa24
Daryl Smith,9,23,RLB,SmitDa24
Daryl Smith,9,24,MLB,SmitDa24
Daryl Smith,8,25,RLB/MLB,SmitDa24
Daryl Smith,6,26,LLB/MLB,SmitDa24
Daryl Smith,7,27,LLB,SmitDa24
Daryl Smith,6,28,LLB,SmitDa24
Daryl Smith,9,29,LLB,SmitDa24
Daryl Smith,10,31,RILB,SmitDa24
Daryl Smith,9,32,RILB,SmitDa24
Daryl Smith,8,33,RILB,SmitDa24
Daryl Smith,6,34,LLB,SmitDa24
Malcolm Smith,1,22,LB,SmitMa02
Malcolm Smith,3,23,LB,SmitMa02
Malcolm Smith,6,24,RLB,SmitMa02
Malcolm Smith,3,25,RLB,SmitMa02
Malcolm Smith,7,26,RLB,SmitMa02
Malcolm Smith,7,27,RLB,SmitMa02
Malcolm Smith,3,29,RLB,SmitMa02
Malcolm Smith,3,31,LB,SmitMa02
Malcolm Smith,4,32,MLB,SmitMa02
Marcus Smith,1,23,LB,SmitMa03
Marcus Smith,2,24,LB,SmitMa03
Marcus Smith,1,25,LB,SmitMa03
Mike Smith,1,25,LB,SmitMi22
Raonall Smith,3,27,LLB,SmitRa20
Raonall Smith,1,28,LB,SmitRa20
Telvin Smith,6,23,RLB,SmitTe01
Telvin Smith,7,24,LLB,SmitTe01
Telvin Smith,9,25,LLB,SmitTe01
Telvin Smith,14,26,LLB,SmitTe01
Telvin Smith,10,27,LLB,SmitTe01
Will Smith,6,30,LOLB,SmitWi99
Martrell Spaight,2,23,LB,SpaiMa00
Martrell Spaight,4,24,LB,SpaiMa00
Nick Speegle,1,24,LB,SpeeNi20
Noah Spence,3,22,LB,SpenNo00
Noah Spence,1,24,LB,SpenNo00
Sean Spence,5,24,LILB,SpenSe00
Sean Spence,3,25,LB,SpenSe00
Sean Spence,4,26,LILB,SpenSe00
Anthony Spencer,3,23,LLB,SpenAn99
Anthony Spencer,9,25,LOLB,SpenAn99
Anthony Spencer,6,26,LOLB,SpenAn99
Anthony Spencer,7,27,LOLB,SpenAn99
Anthony Spencer,9,28,LOLB,SpenAn99
Cody Spencer,1,24,LB,SpenCo20
Cody Spencer,1,25,LB,SpenCo20
Cody Spencer,1,27,LB,SpenCo20
Brandon Spikes,4,23,RILB,SpikBr99
Brandon Spikes,3,24,RLB,SpikBr99
Brandon Spikes,7,25,MLB,SpikBr99
Brandon Spikes,6,26,MLB,SpikBr99
Brandon Spikes,6,27,MLB,SpikBr99
Brandon Spikes,1,29,LB,SpikBr99
Austin Spitler,1,24,LB,SpitAu99
Austin Spitler,2,25,LB,SpitAu99
Austin Spitler,1,26,LB,SpitAu99
Austin Spitler,1,27,LB,SpitAu99
Dominique Stevenson,2,26,LB,StevDo21
Andy Studebaker,3,24,LB,StudAn99
Andy Studebaker,2,25,LB,StudAn99
Andy Studebaker,3,26,LOLB,StudAn99
Andy Studebaker,1,27,LB,StudAn99
Andy Studebaker,1,28,LB,StudAn99
Andy Studebaker,2,29,LB,StudAn99
Nathan Stupar,1,26,LB,StupNa01
Nathan Stupar,3,27,LB,StupNa01
Nathan Stupar,4,28,MLB,StupNa01
Nathan Stupar,1,30,LB,StupNa01
Terrell Suggs,4,21,LB,SuggTe99
Terrell Suggs,12,22,LOLB,SuggTe99
Terrell Suggs,13,24,RDE/LOLB,SuggTe99
Terrell Suggs,6,25,ROLB,SuggTe99
Terrell Suggs,17,26,ROLB,SuggTe99
Terrell Suggs,7,27,LOLB,SuggTe99
Terrell Suggs,11,28,LOLB,SuggTe99
Terrell Suggs,17,29,LOLB,SuggTe99
Terrell Suggs,4,30,ROLB,SuggTe99
Terrell Suggs,12,31,LOLB,SuggTe99
Terrell Suggs,8,32,LOLB,SuggTe99
Terrell Suggs,7,34,LOLB,SuggTe99
Terrell Suggs,11,35,LOLB,SuggTe99
Terrell Suggs,10,36,LOLB,SuggTe99
Terrell Suggs,5,37,ROLB,SuggTe99
Stevenson Sylvester,2,22,LB,SylvSt99
Stevenson Sylvester,2,23,LB,SylvSt99
Stevenson Sylvester,1,24,LB,SylvSt99
Stevenson Sylvester,1,25,LB,SylvSt99
Lofa Tatupu,12,23,MLB,TatuLo99
Lofa Tatupu,11,24,MLB,TatuLo99
Lofa Tatupu,15,25,MLB,TatuLo99
Lofa Tatupu,6,26,MLB,TatuLo99
Lofa Tatupu,7,28,MLB,TatuLo99
Ben Taylor,5,25,RLB,TaylBe20
Ben Taylor,7,27,RILB,TaylBe20
Ben Taylor,1,28,LB,TaylBe20
Davion Taylor,1,22,LB,TaylDa01
Davion Taylor,2,23,RLB,TaylDa01
Hilee Taylor,1,22,LB,TaylHi99
Manti Te'o,5,22,LILB,TeoxMa00
Manti Te'o,3,23,LILB,TeoxMa00
Manti Te'o,6,24,LILB,TeoxMa00
Manti Te'o,5,26,MLB,TeoxMa00
Bryan Thomas,6,28,ROLB,ThomBr21
Bryan Thomas,7,29,LOLB,ThomBr21
Bryan Thomas,10,30,LOLB,ThomBr21
Bryan Thomas,7,31,LOLB,ThomBr21
Bryan Thomas,5,33,LOLB,ThomBr21
Dontarrious Thomas,2,24,RLB,ThomDo21
Dontarrious Thomas,2,25,LB,ThomDo21
Dontarrious Thomas,3,26,LB,ThomDo21
Dontarrious Thomas,1,27,LB,ThomDo21
J.T. Thomas,1,24,LB,ThomJ.02
J.T. Thomas,2,25,LB,ThomJ.02
J.T. Thomas,6,26,MLB,ThomJ.02
J.T. Thomas,4,27,RLB,ThomJ.02
Pat Thomas,1,22,LB,ThomPa20
Pat Thomas,1,24,LB,ThomPa20
Pat Thomas,3,25,MLB,ThomPa20
Robert Thomas,5,22,LLB,ThomRo20
Robert Thomas,5,23,MLB,ThomRo20
Robert Thomas,4,24,MLB,ThomRo20
Robert Thomas,4,25,RLB,ThomRo20
Robert Thomas,2,26,LB,ThomRo20
Robert Thomas,4,27,LLB,ThomRo20
Chaun Thompson,1,23,LB,ThomCh23
Chaun Thompson,6,24,LLB,ThomCh23
Chaun Thompson,7,25,ROLB,ThomCh23
Chaun Thompson,2,26,LB,ThomCh23
Chaun Thompson,1,27,LB,ThomCh23
Chaun Thompson,1,28,LB,ThomCh23
David Thornton,1,24,LB,ThorDa20
David Thornton,8,25,RLB,ThorDa20
David Thornton,6,26,LLB,ThorDa20
David Thornton,7,27,LLB,ThorDa20
David Thornton,5,28,LLB,ThorDa20
David Thornton,9,29,LLB,ThorDa20
David Thornton,8,30,LLB,ThorDa20
David Thornton,4,31,LLB,ThorDa20
Odell Thurman,7,22,MLB,ThurOd20
Lawrence Timmons,2,21,LB,TimmLa99
Lawrence Timmons,4,22,LB,TimmLa99
Lawrence Timmons,7,23,RILB,TimmLa99
Lawrence Timmons,11,24,RILB,TimmLa99
Lawrence Timmons,10,25,RILB,TimmLa99
Lawrence Timmons,11,26,RILB,TimmLa99
Lawrence Timmons,8,27,RILB,TimmLa99
Lawrence Timmons,12,28,RILB,TimmLa99
Lawrence Timmons,9,29,RILB,TimmLa99
Lawrence Timmons,9,30,RILB,TimmLa99
Lawrence Timmons,6,31,RLB,TimmLa99
Pisa Tinoisamoa,8,22,LLB,TinoPi20
Pisa Tinoisamoa,6,23,RLB,TinoPi20
Pisa Tinoisamoa,6,24,LLB,TinoPi20
Pisa Tinoisamoa,4,25,RLB,TinoPi20
Pisa Tinoisamoa,4,26,RLB,TinoPi20
Pisa Tinoisamoa,6,27,RLB,TinoPi20
Pisa Tinoisamoa,5,29,RLB/MLB,TinoPi20
Korey Toomer,1,26,LB,ToomKo00
Korey Toomer,1,27,LB,ToomKo00
Korey Toomer,4,28,LILB,ToomKo00
Korey Toomer,5,29,MLB,ToomKo00
Reggie Torbor,2,23,LB,TorbRe20
Reggie Torbor,5,24,LLB,TorbRe20
Reggie Torbor,2,25,LB,TorbRe20
Reggie Torbor,3,26,LLB,TorbRe20
Reggie Torbor,2,27,LB,TorbRe20
Reggie Torbor,2,28,LB,TorbRe20
Reggie Torbor,3,29,ROLB,TorbRe20
Adrian Tracy,1,25,LB,TracAd99
Danny Trevathan,2,22,LB,TrevDa00
Danny Trevathan,9,23,RLB,TrevDa00
Danny Trevathan,9,25,RILB,TrevDa00
Danny Trevathan,4,26,RILB,TrevDa00
Danny Trevathan,7,27,RILB,TrevDa00
Danny Trevathan,10,28,LILB,TrevDa00
Danny Trevathan,5,29,LILB,TrevDa00
Danny Trevathan,7,30,RILB,TrevDa00
Jordan Tripp,1,23,LB,TripJo00
Jordan Tripp,1,24,LB,TripJo00
Jordan Tripp,1,25,LB,TripJo00
Sean Tufts,1,23,LB,TuftSe20
Stephen Tulloch,2,21,LB,TullSt20
Stephen Tulloch,2,22,LB,TullSt20
Stephen Tulloch,7,23,MLB,TullSt20
Stephen Tulloch,6,24,MLB,TullSt20
Stephen Tulloch,8,25,MLB,TullSt20
Stephen Tulloch,9,26,MLB,TullSt20
Stephen Tulloch,7,27,MLB,TullSt20
Stephen Tulloch,8,28,MLB,TullSt20
Stephen Tulloch,7,30,MLB,TullSt20
Stephen Tulloch,1,31,LB,TullSt20
Kemoko Turay,3,23,LB,TuraKe00
Kemoko Turay,1,26,LB,TuraKe00
Derrek Tuszka,1,26,OLB,TuszDe00
Courtney Upshaw,6,23,ROLB,UpshCo00
Courtney Upshaw,7,24,ROLB,UpshCo00
Courtney Upshaw,6,25,ROLB,UpshCo00
Courtney Upshaw,7,26,ROLB,UpshCo00
Courtney Upshaw,3,27,LB,UpshCo00
Courtney Upshaw,1,28,LB,UpshCo00
Tanner Vallejo,1,23,LB,VallTa00
Tanner Vallejo,2,24,LB,VallTa00
Tanner Vallejo,1,25,LB,VallTa00
Tanner Vallejo,1,26,LB,VallTa00
Tanner Vallejo,1,27,LB,VallTa00
Tanner Vallejo,2,28,LB,VallTa00
Kyle Van Noy,1,23,LB,VanNKy00
Kyle Van Noy,1,24,LB,VanNKy00
Kyle Van Noy,5,25,RLB,VanNKy00
Kyle Van Noy,7,26,LLB,VanNKy00
Kyle Van Noy,10,27,MLB,VanNKy00
Kyle Van Noy,13,28,RLB,VanNKy00
Kyle Van Noy,8,29,ROLB/RILB,VanNKy00
Kyle Van Noy,7,30,LILB,VanNKy00
Kyle Van Noy,7,31,OLB,VanNKy00
Olivier Vernon,2,22,LB,VernOl00
Olivier Vernon,6,28,ROLB,VernOl00
Nick Vigil,1,23,LB,VigiNi00
Nick Vigil,5,24,LLB,VigiNi00
Nick Vigil,4,25,LLB,VigiNi00
Nick Vigil,8,26,LLB,VigiNi00
Nick Vigil,3,27,LB,VigiNi00
Nick Vigil,6,28,RLB,VigiNi00
Jonathan Vilma,10,22,MLB,VilmJo99
Jonathan Vilma,9,23,MLB,VilmJo99
Jonathan Vilma,7,24,MLB,VilmJo99
Jonathan Vilma,8,26,MLB,VilmJo99
Jonathan Vilma,10,27,MLB,VilmJo99
Jonathan Vilma,9,28,MLB,VilmJo99
Jonathan Vilma,6,29,RILB,VilmJo99
Jonathan Vilma,4,30,RLB,VilmJo99
David Vobora,1,22,LB,VoboDa99
David Vobora,4,23,LLB,VoboDa99
David Vobora,3,24,LLB,VoboDa99
Erik Walden,6,26,ROLB,WaldEr99
Erik Walden,5,27,LOLB,WaldEr99
Erik Walden,7,28,LOLB,WaldEr99
Erik Walden,7,31,LOLB,WaldEr99
Joe Walker,2,25,LB,WalkJo01
Joe Walker,1,26,LB,WalkJo01
Joe Walker,4,27,LILB,WalkJo01
Joe Walker,1,28,LB,WalkJo01
Joe Walker,1,29,LB,WalkJo01
Aaron Wallace,1,23,LB,WallAa00
Rian Wallace,2,24,LB,WallRi20
DeMarcus Ware,8,23,ROLB,WareDe99
DeMarcus Ware,11,24,ROLB,WareDe99
DeMarcus Ware,14,25,ROLB,WareDe99
DeMarcus Ware,15,26,ROLB,WareDe99
DeMarcus Ware,16,27,ROLB,WareDe99
DeMarcus Ware,11,28,ROLB,WareDe99
DeMarcus Ware,15,29,ROLB,WareDe99
DeMarcus Ware,11,30,ROLB,WareDe99
DeMarcus Ware,8,33,ROLB,WareDe99
DeMarcus Ware,4,34,ROLB,WareDe99
Cornelius Washington,1,25,LB,WashCo00
Cornelius Washington,2,27,LB,WashCo00
Cornelius Washington,2,28,LB,WashCo00
Daryl Washington,5,24,RILB,WashDa99
Daryl Washington,8,25,RILB,WashDa99
Daryl Washington,16,26,RILB,WashDa99
Daryl Washington,7,27,LILB,WashDa99
Anthony Waters,1,26,LB,WateAn00
Courtney Watson,4,24,MLB,WatsCo20
Courtney Watson,3,25,MLB,WatsCo20
Dekoda Watson,2,22,LB,WatsDe99
Dekoda Watson,2,23,LB,WatsDe99
Dekoda Watson,2,24,LB,WatsDe99
Dekoda Watson,3,25,LB,WatsDe99
Dekoda Watson,1,26,LB,WatsDe99
Dekoda Watson,1,28,LB,WatsDe99
Dekoda Watson,1,29,LB,WatsDe99
Stephen Weatherly,1,23,LB,WeatSt00
Stephen Weatherly,2,25,LB,WeatSt00
Stephen Weatherly,1,27,LB,WeatSt00
Sean Weatherspoon,3,23,LLB,WeatSe99
Sean Weatherspoon,9,24,LLB,WeatSe99
Sean Weatherspoon,7,25,LLB,WeatSe99
Sean Weatherspoon,1,28,LB,WeatSe99
Bjoern Werner,7,24,RLB,WernBj00
Philip Wheeler,1,24,LB,WheePh99
Philip Wheeler,4,25,LLB,WheePh99
Philip Wheeler,3,26,LLB,WheePh99
Philip Wheeler,4,27,LLB,WheePh99
Philip Wheeler,7,28,LLB,WheePh99
Philip Wheeler,8,29,LLB,WheePh99
Philip Wheeler,2,30,LB,WheePh99
Philip Wheeler,2,31,LB,WheePh99
Philip Wheeler,2,32,LB,WheePh99
Chris White,1,23,LB,WhitCh03
Chris White,1,24,LB,WhitCh03
Chris White,1,25,LB,WhitCh03
Tahir Whitehead,1,22,LB,WhitTa00
Tahir Whitehead,1,23,LB,WhitTa00
Tahir Whitehead,8,24,MLB,WhitTa00
Tahir Whitehead,4,25,LLB,WhitTa00
Tahir Whitehead,7,26,MLB,WhitTa00
Tahir Whitehead,8,27,LLB,WhitTa00
Tahir Whitehead,7,28,RLB,WhitTa00
Tahir Whitehead,7,29,LLB,WhitTa00
Tahir Whitehead,4,30,MLB,WhitTa00
Kyle Wilber,1,23,LB,WilbKy00
Kyle Wilber,3,24,LLB,WilbKy00
Kyle Wilber,2,25,LB,WilbKy00
Kyle Wilber,3,26,MLB,WilbKy00
Kyle Wilber,2,27,LB,WilbKy00
Kyle Wilber,1,28,LB,WilbKy00
Kyle Wilber,1,29,LB,WilbKy00
Kyle Wilber,1,30,LB,WilbKy00
Kyle Wilber,1,31,LB,WilbKy00
Matt Wilhelm,2,24,LB,WilhMa20
Matt Wilhelm,1,25,LB,WilhMa20
Matt Wilhelm,8,26,RILB,WilhMa20
Matt Wilhelm,4,27,ILB,WilhMa20
Matt Wilhelm,2,28,LB,WilhMa20
Gerris Wilkinson,2,23,LB,WilkGe20
Gerris Wilkinson,1,24,LB,WilkGe20
Gerris Wilkinson,2,25,RLB,WilkGe20
Gerris Wilkinson,1,26,LB,WilkGe20
Gerris Wilkinson,1,27,LB,WilkGe20
Antwione Williams,2,23,LB,WillAn01
D.J. Williams,8,22,RLB,WillD.20
D.J. Williams,6,23,LLB,WillD.20
D.J. Williams,7,24,LLB,WillD.20
D.J. Williams,7,25,MLB,WillD.20
D.J. Williams,4,26,RLB,WillD.20
D.J. Williams,8,27,RILB,WillD.20
D.J. Williams,6,28,LILB,WillD.20
D.J. Williams,7,29,ROLB,WillD.20
D.J. Williams,3,32,MLB,WillD.20
Demorrio Williams,2,24,LB,WillDe22
Demorrio Williams,8,25,RLB,WillDe22
Demorrio Williams,5,26,RLB,WillDe22
Demorrio Williams,7,27,RLB,WillDe22
Demorrio Williams,4,28,LLB,WillDe22
Demorrio Williams,6,29,LILB,WillDe22
Demorrio Williams,1,30,LB,WillDe22
Demorrio Williams,1,31,LB,WillDe22
Demorrio Williams,4,32,LB,WillDe22
Jacquian Williams,3,23,LB,WillJa02
Jacquian Williams,2,24,LB,WillJa02
Jacquian Williams,5,25,LLB,WillJa02
Jacquian Williams,4,26,RLB,WillJa02
Jamar Williams,2,23,LB,WillJa21
Jamar Williams,1,24,LB,WillJa21
Jamar Williams,2,25,LB,WillJa21
Jason Williams,1,24,LB,WillJa95
Jason Williams,1,25,LB,WillJa95
Jason Williams,1,27,LB,WillJa95
Jason Williams,1,28,LB,WillJa95
Leon Williams,2,23,LB,WillLe20
Leon Williams,5,24,MLB,WillLe20
Leon Williams,1,25,LB,WillLe20
Leon Williams,1,27,LB,WillLe20
P.J. Williams,7,25,MLB,WillP.00
Sam Williams,5,26,LLB,WillSa22
Tourek Williams,3,22,ROLB,WillTo00
Tourek Williams,1,23,LB,WillTo00
Tourek Williams,1,25,LB,WillTo00
Vince Williams,5,24,LILB,WillVi01
Vince Williams,2,25,LB,WillVi01
Vince Williams,2,26,LB,WillVi01
Vince Williams,3,27,LB,WillVi01
Vince Williams,8,28,RILB,WillVi01
Vince Williams,8,29,RILB,WillVi01
Vince Williams,4,30,RILB,WillVi01
Vince Williams,8,31,RILB,WillVi01
Avery Williamson,6,22,RILB,WillAv00
Avery Williamson,7,23,RILB,WillAv00
Avery Williamson,9,24,RILB,WillAv00
Avery Williamson,7,25,RILB,WillAv00
Avery Williamson,9,26,RILB,WillAv00
Avery Williamson,5,28,LILB,WillAv00
Jordan Willis,2,22,LB,WillJo09
Jordan Willis,2,23,LB,WillJo09
Jordan Willis,1,24,LB,WillJo09
Jordan Willis,2,25,LB,WillJo09
Jordan Willis,1,26,LB,WillJo09
Patrick Willis,17,22,RILB,WillPa98
Patrick Willis,13,23,MLB,WillPa98
Patrick Willis,20,24,RILB,WillPa98
Patrick Willis,14,25,RILB,WillPa98
Patrick Willis,16,26,RILB,WillPa98
Patrick Willis,15,27,RILB,WillPa98
Patrick Willis,10,28,RILB,WillPa98
Damien Wilson,1,22,LB,WilsDa02
Damien Wilson,4,23,LLB,WilsDa02
Damien Wilson,4,24,LLB,WilsDa02
Damien Wilson,4,25,LLB,WilsDa02
Damien Wilson,7,26,MLB,WilsDa02
Damien Wilson,6,27,MLB,WilsDa02
Damien Wilson,7,28,LILB,WilsDa02
Damien Wilson,3,29,LB,WilsDa02
Martez Wilson,1,23,LB,WilsMa01
Martez Wilson,1,24,LB,WilsMa01
Ramik Wilson,2,23,LB,WilsRa00
Ramik Wilson,7,24,RILB,WilsRa00
Ramik Wilson,3,25,LB,WilsRa00
Ramik Wilson,3,26,LB,WilsRa00
Kamerion Wimbley,8,23,ROLB,WimbKa20
Kamerion Wimbley,6,24,ROLB,WimbKa20
Kamerion Wimbley,7,25,ROLB,WimbKa20
Kamerion Wimbley,6,26,LOLB,WimbKa20
Kamerion Wimbley,7,27,RLB,WimbKa20
Kamerion Wimbley,7,28,RLB,WimbKa20
Kamerion Wimbley,4,31,ROLB,WimbKa20
Will Witherspoon,6,22,MLB,WithWi20
Will Witherspoon,8,23,RLB,WithWi20
Will Witherspoon,8,24,RLB,WithWi20
Will Witherspoon,9,25,RLB,WithWi20
Will Witherspoon,7,26,MLB,WithWi20
Will Witherspoon,7,27,MLB,WithWi20
Will Witherspoon,5,28,MLB,WithWi20
Will Witherspoon,7,29,LLB,WithWi20
Will Witherspoon,7,30,RLB,WithWi20
Will Witherspoon,7,31,RLB,WithWi20
Will Witherspoon,3,32,MLB,WithWi20
Will Witherspoon,3,33,LB,WithWi20
LaMarr Woodley,11,24,LOLB,WoodLa99
LaMarr Woodley,14,25,LOLB,WoodLa99
LaMarr Woodley,11,26,LOLB,WoodLa99
LaMarr Woodley,7,27,LOLB,WoodLa99
LaMarr Woodley,7,28,LOLB,WoodLa99
LaMarr Woodley,5,29,LOLB,WoodLa99
LaMarr Woodley,3,31,LOLB,WoodLa99
Jason Worilds,5,23,LOLB,WoriJa99
Jason Worilds,6,25,ROLB,WoriJa99
Jason Worilds,8,26,LOLB,WoriJa99
Cornelius Wortham,1,23,LB,WortCo20
K.J. Wright,7,22,RLB,WrigK.00
K.J. Wright,9,23,RLB,WrigK.00
K.J. Wright,7,24,RLB,WrigK.00
K.J. Wright,8,25,RLB,WrigK.00
K.J. Wright,9,26,RLB,WrigK.00
K.J. Wright,11,27,RLB,WrigK.00
K.J. Wright,8,28,RLB,WrigK.00
K.J. Wright,8,30,RLB,WrigK.00
K.J. Wright,7,31,ROLB,WrigK.00
K.J. Wright,4,32,RLB,WrigK.00
Scooby Wright III,1,23,LB,WrigSc00
Kenny Young,4,24,LB,YounKe03
Kenny Young,3,25,LB,YounKe03
Kenny Young,6,26,RILB,YounKe03
Kenny Young,6,27,RILB,YounKe03
Willie Young,4,30,LILB,YounWi99
Willie Young,5,31,ROLB,YounWi99