Kenneth Acker,5,23,RCB,AckeKe00
Robert Alford,4,26,LCB,AlfoRo00
Robert Alford,6,27,LCB,AlfoRo00
Robert Alford,5,28,LCB,AlfoRo00
Robert Alford,6,29,LCB,AlfoRo00
Robert Alford,4,30,LCB,AlfoRo00
Antonio Allen,3,26,LCB,AlleAn02
Asher Allen,5,22,RCB,AlleAs99
Asher Allen,2,23,LCB,AlleAs99
Cortez Allen,4,25,LCB,AlleCo00
Cortez Allen,3,26,LCB,AlleCo00
Jason Allen,3,27,RCB,AlleJa23
David Amerson,5,23,RCB,AmerDa00
David Amerson,5,24,RCB/LCB,AmerDa00
David Amerson,5,25,LCB,AmerDa00
Prince Amukamara,4,23,RCB,AmukPr00
Prince Amukamara,7,24,RCB,AmukPr00
Prince Amukamara,3,25,RCB,AmukPr00
Prince Amukamara,4,26,LCB,AmukPr00
Prince Amukamara,5,27,LCB,AmukPr00
Prince Amukamara,5,28,LCB,AmukPr00
Prince Amukamara,6,29,RCB,AmukPr00
Prince Amukamara,7,30,RCB,AmukPr00
Javier Arenas,4,25,RCB,ArenJa99
Damon Arnette,2,24,CB,ArneDa00
Nnamdi Asomugha,2,23,RCB,AsomNn20
Nnamdi Asomugha,4,24,LCB,AsomNn20
Nnamdi Asomugha,12,25,LCB,AsomNn20
Nnamdi Asomugha,6,26,LCB,AsomNn20
Nnamdi Asomugha,14,27,RCB,AsomNn20
Nnamdi Asomugha,12,28,RCB,AsomNn20
Nnamdi Asomugha,12,29,RCB,AsomNn20
Nnamdi Asomugha,6,30,RCB,AsomNn20
Nnamdi Asomugha,6,31,RCB,AsomNn20
Blessuan Austin,3,24,RCB,AustBl00
Deandre Baker,5,22,LCB,BakeDe00
Alan Ball,5,28,RCB,BallAl99
Johnthan Banks,4,24,RCB,BankJo00
Johnthan Banks,5,25,RCB,BankJo00
Johnthan Banks,2,26,RCB,BankJo00
Ron Bartell,2,23,RCB,BartRo20
Ron Bartell,5,25,LCB,BartRo20
Ron Bartell,6,26,LCB,BartRo20
Ron Bartell,5,27,LCB,BartRo20
Ron Bartell,6,28,LCB,BartRo20
Fred Bennett,3,24,LCB,BennFr99
Fred Bennett,3,25,LCB,BennFr99
Bene Benwikere,3,23,LCB,BenwBe00
Bene Benwikere,3,27,RCB,BenwBe00
E.J. Biggers,3,23,LCB,BiggE.99
E.J. Biggers,4,25,LCB,BiggE.99
Will Blackmon,3,29,LCB,BlacWi20
Will Blackmon,5,31,RCB,BlacWi20
Zackary Bowman,5,25,RCB,BowmZa20
Zackary Bowman,3,29,RCB,BowmZa20
Zackary Bowman,3,30,RCB,BowmZa20
Bashaud Breeland,6,22,LCB,BreeBa00
Bashaud Breeland,6,23,LCB,BreeBa00
Bashaud Breeland,5,24,LCB,BreeBa00
Bashaud Breeland,5,25,LCB,BreeBa00
Bashaud Breeland,6,27,LCB,BreeBa00
Bashaud Breeland,4,28,RCB,BreeBa00
Bashaud Breeland,5,29,RCB,BreeBa00
Sheldon Brown,6,25,RCB,BrowSh20
Sheldon Brown,8,26,RCB,BrowSh20
Sheldon Brown,7,27,RCB,BrowSh20
Sheldon Brown,7,28,RCB,BrowSh20
Sheldon Brown,8,29,RCB,BrowSh20
Sheldon Brown,7,30,RCB,BrowSh20
Sheldon Brown,6,31,RCB,BrowSh20
Sheldon Brown,8,32,RCB,BrowSh20
Sheldon Brown,7,33,RCB,BrowSh20
Tarell Brown,6,26,RCB,BrowTa99
Tarell Brown,4,27,RCB,BrowTa99
Tarell Brown,4,28,RCB,BrowTa99
Tarell Brown,5,29,RCB,BrowTa99
Phillip Buchanon,8,23,RCB,BuchPh20
Phillip Buchanon,5,24,LCB,BuchPh20
Phillip Buchanon,2,25,LCB,BuchPh20
Phillip Buchanon,7,27,RCB,BuchPh20
Phillip Buchanon,7,28,LCB,BuchPh20
Phillip Buchanon,3,29,RCB,BuchPh20
Phillip Buchanon,3,30,RCB,BuchPh20
Darius Butler,4,23,LCB,ButlDa99
Darius Butler,5,27,LCB,ButlDa99
Brandon Carr,5,22,LCB,CarrBr99
Brandon Carr,6,23,RCB,CarrBr99
Brandon Carr,7,24,RCB,CarrBr99
Brandon Carr,6,25,RCB,CarrBr99
Brandon Carr,6,26,LCB,CarrBr99
Brandon Carr,5,27,LCB,CarrBr99
Brandon Carr,6,28,LCB,CarrBr99
Brandon Carr,6,29,LCB,CarrBr99
Brandon Carr,6,30,LCB,CarrBr99
Brandon Carr,6,31,LCB,CarrBr99
Brandon Carr,7,32,LCB,CarrBr99
Brandon Carr,5,33,RCB/FS,CarrBr99
T.J. Carrie,4,25,FS/RCB,CarrTr00
T.J. Carrie,6,27,RCB,CarrTr00
T.J. Carrie,4,28,RCB,CarrTr00
T.J. Carrie,3,29,LCB,CarrTr00
Ahmad Carroll,5,21,LCB,CarrAh20
Ahmad Carroll,7,22,LCB,CarrAh20
Nolan Carroll,4,25,RCB,CarrNo00
Nolan Carroll,5,26,RCB,CarrNo00
Nolan Carroll,4,28,RCB,CarrNo00
Nolan Carroll,5,29,RCB,CarrNo00
Chris Cash,5,22,RCB,CashCh20
Chris Cash,2,24,LCB,CashCh20
Antoine Cason,7,24,RCB,CasoAn99
Antoine Cason,5,25,RCB,CasoAn99
Antoine Cason,6,26,RCB,CasoAn99
Antoine Cason,5,28,LCB,CasoAn99
Morris Claiborne,5,22,RCB,ClaiMo00
Morris Claiborne,2,23,LCB,ClaiMo00
Morris Claiborne,4,25,RCB,ClaiMo00
Morris Claiborne,6,27,RCB,ClaiMo00
Morris Claiborne,6,28,RCB,ClaiMo00
Ross Cockrell,7,25,RCB,CockRo00
Ross Cockrell,4,26,LCB,CockRo00
Ross Cockrell,4,28,LCB,CockRo00
Jalen Collins,2,23,RCB,CollJa02
Aaron Colvin,5,24,RCB,ColvAa00
Gareon Conley,5,23,RCB,ConlGa00
Gareon Conley,4,24,RCB,ConlGa00
Chris Cook,3,25,RCB,CookCh99
Chris Cook,4,26,RCB,CookCh99
Marcus Cooper,2,24,LCB,CoopMa00
Marcus Cooper,6,26,RCB,CoopMa00
Reggie Corner,4,26,LCB,CornRe99
Derek Cox,6,23,LCB,CoxxDe99
Derek Cox,4,24,LCB,CoxxDe99
Derek Cox,5,26,RCB,CoxxDe99
Derek Cox,4,27,LCB,CoxxDe99
Perrish Cox,3,23,RCB,CoxxPe99
Perrish Cox,7,27,LCB,CoxxPe99
Perrish Cox,5,28,LCB,CoxxPe99
Perrish Cox,4,29,LCB,CoxxPe99
Antonio Cromartie,16,23,RCB,CromAn20
Antonio Cromartie,6,24,RCB,CromAn20
Antonio Cromartie,7,25,RCB,CromAn20
Antonio Cromartie,6,26,RCB,CromAn20
Antonio Cromartie,7,27,RCB,CromAn20
Antonio Cromartie,11,28,RCB,CromAn20
Antonio Cromartie,9,29,LCB,CromAn20
Antonio Cromartie,9,30,RCB,CromAn20
Antonio Cromartie,6,31,LCB,CromAn20
Chris Culliver,7,26,RCB,CullCh00
Travis Daniels,6,23,LCB,DaniTr20
Travis Daniels,2,24,RCB,DaniTr20
Travis Daniels,2,25,LCB,DaniTr20
Jason David,4,22,RCB,DaviJa20
Jason David,7,23,RCB/CB,DaviJa20
Jason David,6,24,RCB,DaviJa20
Jason David,5,25,RCB,DaviJa20
Jason David,4,26,RCB,DaviJa20
Sammy Davis,5,23,RCB,DaviSa21
Sammy Davis,4,24,LCB,DaviSa21
Vontae Davis,4,21,LCB,DaviVo99
Vontae Davis,5,22,LCB,DaviVo99
Vontae Davis,6,23,RCB,DaviVo99
Vontae Davis,4,24,RCB,DaviVo99
Vontae Davis,6,25,RCB,DaviVo99
Vontae Davis,11,26,RCB,DaviVo99
Vontae Davis,10,27,RCB,DaviVo99
Vontae Davis,5,28,RCB,DaviVo99
Alfonzo Dennard,3,23,RCB,DennAl00
Alfonzo Dennard,4,24,RCB,DennAl00
Darqueze Dennard,2,29,CB,DennDa00
Pierre Desir,2,25,LCB,DesiPi00
Pierre Desir,2,27,RCB,DesiPi00
Pierre Desir,5,28,RCB,DesiPi00
Pierre Desir,4,29,RCB,DesiPi00
Demarcus Faggins,3,26,LCB,FaggDe20
Demarcus Faggins,4,27,RCB,FaggDe20
Demarcus Faggins,3,28,RCB,FaggDe20
Demarcus Faggins,2,29,LCB,FaggDe20
Cortland Finnegan,6,23,RCB,FinnCo20
Cortland Finnegan,20,24,RCB,FinnCo20
Cortland Finnegan,5,25,RCB,FinnCo20
Cortland Finnegan,6,26,RCB,FinnCo20
Cortland Finnegan,8,27,RCB,FinnCo20
Cortland Finnegan,7,28,LCB,FinnCo20
Cortland Finnegan,4,30,RCB,FinnCo20
Travis Fisher,5,23,LCB,FishTr20
Travis Fisher,7,24,RCB,FishTr20
Travis Fisher,4,25,RCB,FishTr20
Travis Fisher,2,26,RCB,FishTr20
Travis Fisher,3,27,LCB,FishTr20
Travis Fisher,5,28,RCB,FishTr20
Travis Fisher,2,29,RCB,FishTr20
Bradley Fletcher,8,24,RCB,FletBr99
Bradley Fletcher,6,27,LCB,FletBr99
Bradley Fletcher,6,28,LCB,FletBr99
Drayton Florence,3,24,RCB,FlorDr20
Drayton Florence,4,25,RCB,FlorDr20
Drayton Florence,6,26,RCB,FlorDr20
Drayton Florence,4,27,RCB,FlorDr20
Drayton Florence,4,28,RCB,FlorDr20
Drayton Florence,5,29,RCB,FlorDr20
Drayton Florence,5,30,RCB,FlorDr20
Drayton Florence,5,31,RCB/LCB,FlorDr20
Brandon Flowers,4,22,RCB,FlowBr99
Brandon Flowers,7,23,LCB,FlowBr99
Brandon Flowers,7,24,LCB,FlowBr99
Brandon Flowers,7,25,LCB,FlowBr99
Brandon Flowers,6,26,LCB,FlowBr99
Brandon Flowers,7,27,LCB,FlowBr99
Brandon Flowers,6,28,LCB,FlowBr99
Brandon Flowers,4,29,LCB,FlowBr99
Domonique Foxworth,4,22,RCB,FoxwDo20
Domonique Foxworth,4,25,LCB,FoxwDo20
Domonique Foxworth,7,26,RCB,FoxwDo20
Kyle Fuller,5,22,RCB,FullKy00
Kyle Fuller,6,23,RCB,FullKy00
Kyle Fuller,7,25,RCB,FullKy00
Kyle Fuller,16,26,LCB,FullKy00
Kyle Fuller,10,27,LCB,FullKy00
Kyle Fuller,6,28,LCB,FullKy00
Kyle Fuller,4,29,LCB,FullKy00
E.J. Gaines,6,22,LCB,GainE.00
E.J. Gaines,3,24,RCB,GainE.00
E.J. Gaines,4,25,RCB,GainE.00
Phillip Gaines,2,23,LCB,GainPh00
Phillip Gaines,2,25,RCB,GainPh00
Chris Gamble,6,21,RCB,GambCh20
Chris Gamble,10,22,RCB,GambCh20
Chris Gamble,6,23,LCB,GambCh20
Chris Gamble,5,24,LCB,GambCh20
Chris Gamble,8,25,LCB,GambCh20
Chris Gamble,7,26,LCB,GambCh20
Chris Gamble,3,27,LCB,GambCh20
Chris Gamble,5,28,LCB,GambCh20
William Gay,6,24,RCB,GayxWi99
William Gay,8,26,LCB,GayxWi99
William Gay,7,27,RCB,GayxWi99
William Gay,5,28,LCB,GayxWi99
William Gay,5,29,LCB,GayxWi99
William Gay,7,30,LCB,GayxWi99
William Gay,4,31,LCB,GayxWi99
Jeff Gladney,5,24,RCB,GladJe00
Andre' Goodman,3,24,RCB,GoodAn20
Andre' Goodman,4,27,LCB,GoodAn20
Andre' Goodman,5,28,RCB,GoodAn20
Andre' Goodman,7,30,RCB,GoodAn20
Andre' Goodman,7,31,RCB,GoodAn20
Andre' Goodman,2,32,RCB,GoodAn20
Andre' Goodman,7,33,RCB,GoodAn20
Corey Graham,5,23,RCB,GrahCo99
Corey Graham,4,27,LCB,GrahCo99
Corey Graham,4,29,LCB,GrahCo99
Dwayne Gratz,3,23,LCB,GratDw00
Dwayne Gratz,5,24,RCB,GratDw00
Eric Green,3,23,LCB,GreeEr20
Eric Green,3,24,RCB,GreeEr20
Eric Green,4,25,RCB,GreeEr20
Eric Green,3,26,RCB,GreeEr20
Jonte Green,3,23,RCB,GreeJo03
Cedric Griffin,4,24,RCB,GrifCe20
Cedric Griffin,6,25,RCB,GrifCe20
Cedric Griffin,5,26,RCB,GrifCe20
Cedric Griffin,6,27,RCB,GrifCe20
Cedric Griffin,3,29,RCB,GrifCe20
DeJuan Groce,5,25,LCB,GrocDe20
Joe Haden,5,21,LCB,HadeJo99
Joe Haden,7,22,LCB,HadeJo99
Joe Haden,5,23,LCB,HadeJo99
Joe Haden,12,24,LCB,HadeJo99
Joe Haden,11,25,LCB,HadeJo99
Joe Haden,5,27,LCB,HadeJo99
Joe Haden,4,28,LCB,HadeJo99
Joe Haden,6,29,LCB,HadeJo99
Joe Haden,11,30,LCB,HadeJo99
Joe Haden,6,31,LCB,HadeJo99
Joe Haden,4,32,LCB,HadeJo99
Nate Hairston,3,24,RCB,HairNa00
Nate Hairston,3,25,LCB,HairNa00
DeAngelo Hall,3,21,LCB,HallDe99
DeAngelo Hall,10,22,LCB,HallDe99
DeAngelo Hall,12,23,LCB,HallDe99
DeAngelo Hall,7,24,LCB,HallDe99
DeAngelo Hall,3,25,LCB,HallDe99
DeAngelo Hall,5,26,RCB,HallDe99
DeAngelo Hall,11,27,LCB,HallDe99
DeAngelo Hall,6,28,LCB,HallDe99
DeAngelo Hall,5,29,LCB,HallDe99
DeAngelo Hall,6,30,LCB,HallDe99
Leon Hall,4,23,RCB,HallLe98
Leon Hall,8,24,RCB,HallLe98
Leon Hall,15,25,RCB,HallLe98
Leon Hall,7,26,RCB,HallLe98
Leon Hall,5,27,RCB,HallLe98
Leon Hall,7,28,RCB,HallLe98
Leon Hall,5,30,RCB,HallLe98
Harrison Hand,1,22,CB,HandHa00
Harrison Hand,1,23,CB,HandHa00
Vernon Hargreaves III,5,21,LCB,HargVe00
Vernon Hargreaves III,2,22,LCB,HargVe00
Vernon Hargreaves III,4,24,RCB,HargVe00
Vernon Hargreaves III,5,25,RCB,HargVe00
Davontae Harris,3,24,RCB,HarrDa05
Mike Harris,3,23,LCB,HarrMi00
D.J. Hayden,3,24,LCB,HaydDJ00
D.J. Hayden,4,25,LCB,HaydDJ00
Kelvin Hayden,8,24,LCB,HaydKe20
Kelvin Hayden,5,25,LCB,HaydKe20
Kelvin Hayden,3,26,LCB,HaydKe20
Kelvin Hayden,4,27,LCB,HaydKe20
Casey Hayward,4,23,RCB,HaywCa00
Casey Hayward,12,27,RCB,HaywCa00
Casey Hayward,13,28,LCB,HaywCa00
Casey Hayward,5,29,RCB,HaywCa00
Casey Hayward,6,30,RCB,HaywCa00
Casey Hayward,4,31,RCB,HaywCa00
Casey Hayward,5,32,RCB,HaywCa00
K.J. Hill,1,23,CB,HillKJ00
Reynaldo Hill,4,23,LCB,HillRe21
Reynaldo Hill,5,24,LCB,HillRe21
Tye Hill,4,24,LCB,HillTy20
Tye Hill,2,25,LCB,HillTy20
Ellis Hobbs,4,22,RCB,HobbEl20
Ellis Hobbs,7,23,RCB,HobbEl20
Ellis Hobbs,7,24,RCB,HobbEl20
Ellis Hobbs,9,25,RCB,HobbEl20
Ellis Hobbs,3,27,RCB,HobbEl20
Daven Holly,7,24,RCB,HollDa22
Daven Holly,3,25,LCB,HollDa22
Jayron Hosley,3,22,RCB,HoslJa00
Jayron Hosley,3,25,RCB,HoslJa00
Davon House,6,26,LCB,HousDa00
Davon House,4,28,LCB,HousDa00
Chris Houston,5,23,RCB,HousCh99
Chris Houston,6,24,RCB,HousCh99
Chris Houston,4,25,RCB,HousCh99
Chris Houston,5,26,LCB,HousCh99
Chris Houston,7,27,LCB,HousCh99
Chris Houston,5,28,LCB,HousCh99
Chris Houston,5,29,LCB,HousCh99
Michael Huff,5,29,LCB,HuffMi20
Von Hutchins,4,26,FS/RCB,HutcVo20
Josh Jackson,4,22,RCB/DB,JackJo01
Josh Jackson,2,24,RCB,JackJo01
Marlin Jackson,8,24,RCB,JackMa22
William Jackson III,4,26,RCB,JackWi02
William Jackson III,4,27,RCB,JackWi02
William Jackson III,5,28,RCB,JackWi02
William Jackson III,4,29,RCB,JackWi02
Quentin Jammer,6,24,LCB,JammQu20
Quentin Jammer,6,25,RCB,JammQu20
Quentin Jammer,5,26,LCB,JammQu20
Quentin Jammer,6,27,LCB,JammQu20
Quentin Jammer,6,28,LCB,JammQu20
Quentin Jammer,7,29,LCB,JammQu20
Quentin Jammer,7,30,LCB,JammQu20
Quentin Jammer,7,31,LCB,JammQu20
Quentin Jammer,5,32,LCB,JammQu20
Quentin Jammer,8,33,LCB,JammQu20
Jackrabbit Jenkins,8,24,RCB,JenkJa03
Jackrabbit Jenkins,6,25,RCB,JenkJa03
Jackrabbit Jenkins,6,26,RCB,JenkJa03
Jackrabbit Jenkins,6,27,RCB,JenkJa03
Jackrabbit Jenkins,12,28,RCB,JenkJa03
Jackrabbit Jenkins,4,29,RCB,JenkJa03
Jackrabbit Jenkins,6,30,RCB,JenkJa03
Jackrabbit Jenkins,5,31,RCB,JenkJa03
Jackrabbit Jenkins,5,32,LCB,JenkJa03
Jackrabbit Jenkins,4,33,LCB,JenkJa03
Malcolm Jenkins,3,22,RCB,JenkMa99
Mike Jenkins,11,24,RCB,JenkMi99
Mike Jenkins,5,25,RCB,JenkMi99
Mike Jenkins,4,26,RCB,JenkMi99
Mike Jenkins,5,28,LCB,JenkMi99
Mike Jenkins,2,30,LCB/RCB,JenkMi99
Kelly Jennings,6,25,RCB,JennKe20
Kelly Jennings,2,26,RCB,JennKe20
Kelly Jennings,3,27,RCB,JennKe20
Kelly Jennings,5,28,RCB,JennKe20
Tim Jennings,6,25,RCB,JennTi20
Tim Jennings,3,26,LCB,JennTi20
Tim Jennings,5,27,LCB,JennTi20
Tim Jennings,6,28,LCB,JennTi20
Tim Jennings,13,29,LCB,JennTi20
Tim Jennings,8,30,LCB,JennTi20
Tim Jennings,4,31,LCB,JennTi20
Chris Johnson,3,29,CB,JohnCh26
Chris Johnson,6,30,LCB,JohnCh26
Derrick Johnson,2,23,RCB,JohnDe24
Dontae Johnson,6,26,RCB,JohnDo02
Kevin Johnson,5,23,LCB,JohnKe04
Kevin Johnson,2,28,RCB,JohnKe04
Trumaine Johnson,5,23,LCB,JohnTr05
Trumaine Johnson,3,24,LCB,JohnTr05
Trumaine Johnson,7,25,LCB,JohnTr05
Trumaine Johnson,4,26,LCB,JohnTr05
Trumaine Johnson,6,27,LCB,JohnTr05
Trumaine Johnson,5,28,LCB,JohnTr05
Adam Jones,5,22,RCB,JonePa20
Adam Jones,9,23,RCB,JonePa20
Adam Jones,3,25,LCB,JonePa20
Adam Jones,3,28,RCB,JonePa20
Adam Jones,7,30,RCB,JonePa20
Adam Jones,9,32,RCB,JonePa20
Adam Jones,6,33,RCB,JonePa20
Adam Jones,3,34,RCB,JonePa20
Byron Jones,11,26,RCB/LCB,JoneBy00
Byron Jones,5,27,RCB,JoneBy00
Byron Jones,6,28,LCB,JoneBy00
Byron Jones,5,29,LCB,JoneBy00
David Jones,3,23,LCB,JoneDa99
David Jones,2,25,LCB,JoneDa99
Johnathan Joseph,4,22,LCB,JoseJo20
Johnathan Joseph,6,23,RCB/LCB,JoseJo20
Johnathan Joseph,4,24,LCB,JoseJo20
Johnathan Joseph,8,25,LCB,JoseJo20
Johnathan Joseph,5,26,LCB,JoseJo20
Johnathan Joseph,13,27,RCB,JoseJo20
Johnathan Joseph,10,28,RCB,JoseJo20
Johnathan Joseph,6,29,RCB,JoseJo20
Johnathan Joseph,7,30,RCB,JoseJo20
Johnathan Joseph,7,31,RCB,JoseJo20
Johnathan Joseph,4,32,LCB,JoseJo20
Johnathan Joseph,6,33,LCB,JoseJo20
Johnathan Joseph,5,34,LCB,JoseJo20
Johnathan Joseph,4,35,LCB,JoseJo20
Justin King,3,22,RCB,KingJu99
Justin King,5,24,LCB,KingJu99
Kevin King,2,22,RCB,KingKe01
Kevin King,6,24,RCB,KingKe01
Kevin King,4,25,RCB,KingKe01
Kevin King,2,26,RCB,KingKe01
Dre Kirkpatrick,6,26,LCB,KirkDr00
Dre Kirkpatrick,6,27,LCB,KirkDr00
Dre Kirkpatrick,6,28,LCB,KirkDr00
Dre Kirkpatrick,3,29,LCB,KirkDr00
Dre Kirkpatrick,6,31,RCB,KirkDr00
Jeremy Lane,2,27,RCB,LaneJe00
Nevin Lawson,3,24,RCB,LawsNe00
Nevin Lawson,5,25,RCB,LawsNe00
Nevin Lawson,5,26,RCB,LawsNe00
Nevin Lawson,5,27,RCB,LawsNe00
Nevin Lawson,3,29,RCB,LawsNe00
Pat Lee,2,28,RCB,LeexPa99
Michael Lehan,4,28,LCB,LehaMi20
Keenan Lewis,8,26,LCB,LewiKe96
Keenan Lewis,7,27,RCB,LewiKe96
Keenan Lewis,5,28,LCB,LewiKe96
Tony Lippett,5,24,RCB,LippTo00
Dwight Lowery,4,22,RCB,LoweDw99
Dwight Lowery,4,23,RCB,LoweDw99
Craig Mager,3,24,LCB,MageCr00
Ricky Manning,5,23,LCB,MannRi20
Ricky Manning,6,24,LCB,MannRi20
Ricky Manning,5,26,RCB,MannRi20
Ricky Manning,3,27,RCB,MannRi20
Richard Marshall,5,22,RCB,MarsRi20
Richard Marshall,5,23,LCB,MarsRi20
Richard Marshall,8,25,RCB,MarsRi20
Richard Marshall,6,26,RCB,MarsRi20
Richard Marshall,5,27,LCB,MarsRi20
Richard Marshall,3,29,LCB,MarsRi20
Rashean Mathis,7,23,RCB/FS,MathRa99
Rashean Mathis,8,24,LCB,MathRa99
Rashean Mathis,8,25,LCB,MathRa99
Rashean Mathis,18,26,LCB,MathRa99
Rashean Mathis,6,27,LCB,MathRa99
Rashean Mathis,6,28,LCB,MathRa99
Rashean Mathis,4,29,RCB,MathRa99
Rashean Mathis,5,30,RCB,MathRa99
Rashean Mathis,4,31,LCB,MathRa99
Rashean Mathis,5,33,RCB,MathRa99
Rashean Mathis,6,34,RCB,MathRa99
Byron Maxwell,4,25,RCB,MaxwBy00
Byron Maxwell,6,26,RCB,MaxwBy00
Byron Maxwell,5,27,LCB,MaxwBy00
Byron Maxwell,5,28,LCB,MaxwBy00
Trumaine McBride,4,22,RCB,McBrTr99
Trumaine McBride,5,28,LCB,McBrTr99
Brice McCain,4,28,RCB,McCaBr99
Brice McCain,4,29,RCB,McCaBr99
Marcus McCauley,3,24,LCB,McCaMa99
Robert McClain,3,25,RCB,McClRo98
Robert McClain,3,26,LCB,McClRo98
Robert McClain,3,29,CB,McClRo98
Devin McCourty,10,23,LCB,McCoDe99
Devin McCourty,5,24,LCB,McCoDe99
Devin McCourty,7,25,LCB/FS,McCoDe99
Jason McCourty,3,23,LCB,McCoJa99
Jason McCourty,8,24,LCB,McCoJa99
Jason McCourty,6,25,LCB,McCoJa99
Jason McCourty,6,26,LCB,McCoJa99
Jason McCourty,6,27,RCB,McCoJa99
Jason McCourty,5,29,RCB,McCoJa99
Jason McCourty,6,30,LCB,McCoJa99
Jason McCourty,4,31,LCB,McCoJa99
Jason McCourty,5,32,LCB,McCoJa99
Jason McCourty,4,33,LCB,McCoJa99
Demetrius McCray,5,23,LCB,McCrDe00
Brandon McDonald,7,23,RCB,McDoBr99
Brandon McDonald,4,24,RCB,McDoBr99
Dexter McDonald,2,26,LCB,McDoDe02
Bryant McFadden,6,25,RCB,McFaBr20
Bryant McFadden,5,27,RCB,McFaBr20
Bryant McFadden,6,28,LCB,McFaBr20
Bryant McFadden,8,29,LCB,McFaBr20
Terrence McGee,15,24,LCB,McGeTe99
Terrence McGee,12,25,LCB,McGeTe99
Terrence McGee,6,26,LCB,McGeTe99
Terrence McGee,7,27,RCB,McGeTe99
Terrence McGee,6,28,LCB,McGeTe99
Terrence McGee,4,29,LCB,McGeTe99
Leodis McKelvin,5,23,RCB,McKeLe99
Leodis McKelvin,4,25,LCB,McKeLe99
Leodis McKelvin,4,26,RCB,McKeLe99
Leodis McKelvin,5,28,LCB,McKeLe99
Leodis McKelvin,4,29,LCB,McKeLe99
Leodis McKelvin,3,30,RCB,McKeLe99
Leodis McKelvin,5,31,LCB,McKeLe99
William Middleton,3,25,RCB,MiddWi98
Justin Miller,4,21,RCB,MillJu99
Dee Milliner,5,22,RCB,MillDe00
Captain Munnerlyn,3,22,LCB,MunnCa99
Captain Munnerlyn,4,23,RCB,MunnCa99
Captain Munnerlyn,6,24,LCB,MunnCa99
Captain Munnerlyn,8,25,LCB/RCB,MunnCa99
Captain Munnerlyn,7,26,LCB,MunnCa99
Terence Newman,8,25,LCB,NewmTe20
Terence Newman,6,26,LCB,NewmTe20
Terence Newman,9,27,LCB,NewmTe20
Terence Newman,7,28,LCB,NewmTe20
Terence Newman,8,29,RCB,NewmTe20
Terence Newman,5,30,LCB,NewmTe20
Terence Newman,12,31,LCB,NewmTe20
Terence Newman,5,32,LCB,NewmTe20
Terence Newman,6,33,LCB,NewmTe20
Terence Newman,7,34,LCB,NewmTe20
Terence Newman,7,35,LCB,NewmTe20
Terence Newman,5,36,LCB,NewmTe20
Terence Newman,6,37,LCB,NewmTe20
Terence Newman,4,38,LCB,NewmTe20
Josh Norman,5,25,RCB,NormJo01
Josh Norman,4,27,RCB,NormJo01
Josh Norman,15,28,RCB,NormJo01
Josh Norman,5,29,RCB,NormJo01
Josh Norman,5,30,RCB,NormJo01
Josh Norman,6,31,RCB,NormJo01
Josh Norman,3,32,RCB,NormJo01
Josh Norman,5,34,RCB,NormJo01
Michael Ojemudia,4,23,LCB,OjemMi00
Chris Owens,3,23,LCB,OwenCh99
Darius Phillips,3,25,LCB,PhilDa02
Tracy Porter,5,23,RCB,PortTr99
Tracy Porter,6,24,RCB,PortTr99
Tracy Porter,5,25,RCB,PortTr99
Tracy Porter,6,27,RCB,PortTr99
Tracy Porter,5,29,LCB,PortTr99
Tracy Porter,5,30,LCB,PortTr99
Jerraud Powers,4,22,RCB,PoweJe99
Jerraud Powers,4,23,RCB,PoweJe99
Jerraud Powers,5,24,RCB,PoweJe99
Jerraud Powers,3,25,RCB,PoweJe99
Jerraud Powers,6,26,RCB,PoweJe99
Jerraud Powers,5,28,RCB,PoweJe99
Glover Quin,4,23,LCB,QuinGl99
Glover Quin,5,24,LCB,QuinGl99
Damarious Randall,4,23,LCB,RandDa00
Damarious Randall,3,24,LCB,RandDa00
Damarious Randall,5,25,RCB/LCB,RandDa00
Keiwan Ratliff,3,23,LCB,RatlKe20
Jacques Reeves,5,25,LCB,ReevJa20
Jacques Reeves,6,26,RCB,ReevJa20
Jacques Reeves,2,27,LCB,ReevJa20
John Reid,1,24,CB,ReidJo00
John Reid,1,25,CB,ReidJo00
Darrelle Revis,7,22,LCB,ReviDa99
Darrelle Revis,11,23,LCB,ReviDa99
Darrelle Revis,22,24,LCB,ReviDa99
Darrelle Revis,14,25,LCB,ReviDa99
Darrelle Revis,17,26,LCB,ReviDa99
Darrelle Revis,6,28,LCB,ReviDa99
Darrelle Revis,15,29,LCB,ReviDa99
Darrelle Revis,11,30,RCB,ReviDa99
Darrelle Revis,5,31,RCB,ReviDa99
Xavier Rhodes,2,23,LCB,RhodXa00
Xavier Rhodes,6,24,RCB,RhodXa00
Xavier Rhodes,6,25,RCB,RhodXa00
Xavier Rhodes,9,26,RCB,RhodXa00
Xavier Rhodes,12,27,RCB,RhodXa00
Xavier Rhodes,5,28,RCB,RhodXa00
Xavier Rhodes,7,29,RCB,RhodXa00
Xavier Rhodes,5,30,RCB,RhodXa00
Xavier Rhodes,5,31,LCB,RhodXa00
Darryl Roberts,4,28,LCB/FS,RobeDa00
Darryl Roberts,4,29,RCB,RobeDa00
Dunta Robinson,7,22,RCB,RobiDu20
Dunta Robinson,5,23,RCB/LCB,RobiDu20
Dunta Robinson,6,24,LCB,RobiDu20
Dunta Robinson,3,25,LCB,RobiDu20
Dunta Robinson,3,26,RCB,RobiDu20
Dunta Robinson,5,27,RCB,RobiDu20
Dunta Robinson,6,28,RCB,RobiDu20
Dunta Robinson,7,29,RCB,RobiDu20
Dunta Robinson,7,30,LCB,RobiDu20
Josh Robinson,3,22,LCB,RobiJo01
Patrick Robinson,4,24,RCB,RobiPa99
Patrick Robinson,6,25,RCB,RobiPa99
Patrick Robinson,5,30,RCB,RobiPa99
Rashard Robinson,3,21,RCB,RobiRa00
Rashard Robinson,3,22,LCB,RobiRa00
Bradley Roby,6,26,LCB,RobyBr00
Bradley Roby,4,27,RCB,RobyBr00
Bradley Roby,3,28,LCB,RobyBr00
Bradley Roby,4,30,CB,RobyBr00
Robert Rochell,2,23,LCB,RochRo00
Dominique Rodgers-Cromartie,5,22,RCB,RodgDo99
Dominique Rodgers-Cromartie,10,23,RCB,RodgDo99
Dominique Rodgers-Cromartie,6,24,LCB,RodgDo99
Dominique Rodgers-Cromartie,6,26,LCB,RodgDo99
Dominique Rodgers-Cromartie,6,27,RCB,RodgDo99
Dominique Rodgers-Cromartie,6,28,LCB,RodgDo99
Dominique Rodgers-Cromartie,9,29,RCB,RodgDo99
Dominique Rodgers-Cromartie,11,30,LCB,RodgDo99
Dominique Rodgers-Cromartie,2,31,CB,RodgDo99
Carlos Rogers,3,24,LCB,RogeCa20
Carlos Rogers,6,25,RCB,RogeCa20
Carlos Rogers,8,27,RCB,RogeCa20
Carlos Rogers,6,28,LCB,RogeCa20
Carlos Rogers,5,29,RCB,RogeCa20
Carlos Rogers,13,30,LCB,RogeCa20
Carlos Rogers,5,31,LCB,RogeCa20
Carlos Rogers,5,32,LCB,RogeCa20
Antrel Rolle,5,24,LCB,RollAn20
Antrel Rolle,5,25,RCB,RollAn20
Aaron Ross,5,25,LCB,RossAa99
Aaron Ross,6,26,LCB,RossAa99
Aaron Ross,5,29,RCB,RossAa99
Aaron Ross,4,30,LCB,RossAa99
Derek Ross,5,22,LCB,RossDe20
Stanford Routt,6,24,RCB,RoutSt20
Stanford Routt,5,27,LCB,RoutSt20
Stanford Routt,5,28,LCB,RoutSt20
Eric Rowe,2,23,RCB,RoweEr00
Eric Rowe,3,24,RCB,RoweEr00
Mike Rumph,5,24,RCB,RumpMi20
Logan Ryan,4,22,RCB,RyanLo00
Logan Ryan,3,23,RCB,RyanLo00
Logan Ryan,6,24,RCB,RyanLo00
Logan Ryan,5,25,RCB,RyanLo00
Logan Ryan,5,26,RCB,RyanLo00
Logan Ryan,6,27,LCB,RyanLo00
Logan Ryan,7,28,LCB,RyanLo00
Asante Samuel,4,23,RCB,SamuAs20
Asante Samuel,6,24,LCB,SamuAs20
Asante Samuel,11,25,LCB/RCB,SamuAs20
Asante Samuel,14,26,LCB,SamuAs20
Asante Samuel,13,27,LCB,SamuAs20
Asante Samuel,13,28,LCB,SamuAs20
Asante Samuel,8,29,LCB,SamuAs20
Asante Samuel,7,30,LCB,SamuAs20
Asante Samuel,8,31,RCB,SamuAs20
Asante Samuel,3,32,RCB,SamuAs20
Orlando Scandrick,3,24,RCB,ScanOr99
Orlando Scandrick,4,26,RCB,ScanOr99
Orlando Scandrick,6,27,RCB,ScanOr99
Orlando Scandrick,4,30,RCB,ScanOr99
Orlando Scandrick,2,31,LCB,ScanOr99
Bryan Scott,8,28,RCB/LLB,ScotBr20
Coty Sensabaugh,3,26,LCB,SensCo00
Coty Sensabaugh,6,27,RCB,SensCo00
Coty Sensabaugh,4,30,RCB,SensCo00
Kendall Sheffield,3,24,LCB,ShefKe00
Lito Sheppard,5,22,RCB,ShepLi99
Lito Sheppard,17,23,LCB,ShepLi99
Lito Sheppard,5,24,LCB,ShepLi99
Lito Sheppard,10,25,LCB,ShepLi99
Lito Sheppard,5,26,LCB,ShepLi99
Lito Sheppard,5,28,RCB,ShepLi99
Lito Sheppard,2,30,RCB,ShepLi99
Richard Sherman,6,23,LCB,SherRi00
Richard Sherman,20,24,LCB,SherRi00
Richard Sherman,21,25,LCB,SherRi00
Richard Sherman,18,26,LCB,SherRi00
Richard Sherman,15,27,LCB,SherRi00
Richard Sherman,9,28,LCB,SherRi00
Richard Sherman,4,29,LCB,SherRi00
Richard Sherman,5,30,LCB,SherRi00
Richard Sherman,12,31,LCB,SherRi00
Tharold Simon,3,23,RCB,SimoTh00
LeShaun Sims,4,27,LCB,SimsLe00
Buster Skrine,5,24,RCB,SkriBu00
Buster Skrine,7,25,RCB,SkriBu00
Buster Skrine,5,27,LCB,SkriBu00
Buster Skrine,6,28,LCB,SkriBu00
Alphonso Smith,5,25,RCB,SmitAl98
Jimmy Smith,7,25,RCB,SmitJi03
Jimmy Smith,3,26,RCB,SmitJi03
Jimmy Smith,6,27,RCB,SmitJi03
Jimmy Smith,4,28,RCB,SmitJi03
Jimmy Smith,6,29,RCB,SmitJi03
Jimmy Smith,5,30,RCB,SmitJi03
Ryan Smith,3,24,LCB,SmitRy00
Ryan Smith,3,25,LCB,SmitRy00
Sean Smith,5,22,RCB,SmitSe99
Sean Smith,3,23,RCB,SmitSe99
Sean Smith,7,24,LCB,SmitSe99
Sean Smith,7,25,LCB,SmitSe99
Sean Smith,6,26,RCB,SmitSe99
Sean Smith,6,27,RCB,SmitSe99
Sean Smith,4,28,RCB,SmitSe99
Sean Smith,5,29,RCB,SmitSe99
Sean Smith,3,30,LCB,SmitSe99
Shawntae Spencer,4,22,RCB,SpenSh20
Shawntae Spencer,5,23,RCB,SpenSh20
Shawntae Spencer,4,24,LCB,SpenSh20
Shawntae Spencer,7,27,RCB,SpenSh20
Shawntae Spencer,6,28,LCB,SpenSh20
Aqib Talib,6,23,LCB,TaliAq99
Aqib Talib,6,24,LCB,TaliAq99
Aqib Talib,4,25,LCB,TaliAq99
Aqib Talib,12,27,LCB,TaliAq99
Aqib Talib,9,28,LCB,TaliAq99
Aqib Talib,10,29,LCB,TaliAq99
Aqib Talib,15,30,LCB,TaliAq99
Aqib Talib,9,31,LCB,TaliAq99
Aqib Talib,3,32,RCB,TaliAq99
Cordrea Tankersley,4,24,LCB,TankCo00
Ike Taylor,7,25,LCB,TaylIk20
Ike Taylor,6,26,LCB,TaylIk20
Ike Taylor,8,27,LCB,TaylIk20
Ike Taylor,8,28,LCB,TaylIk20
Ike Taylor,7,29,LCB,TaylIk20
Ike Taylor,7,30,RCB,TaylIk20
Ike Taylor,8,31,RCB,TaylIk20
Ike Taylor,6,32,RCB,TaylIk20
Ike Taylor,6,33,RCB,TaylIk20
Jamar Taylor,3,25,RCB,TaylJa01
Jamar Taylor,5,26,RCB,TaylJa01
Jamar Taylor,6,27,RCB,TaylJa01
Josh Thomas,3,24,LCB,ThomJo01
Kevin Thomas,2,25,LCB,ThomKe99
Terrell Thomas,6,24,RCB,ThomTe99
Terrell Thomas,7,25,RCB,ThomTe99
Bruce Thornton,4,25,LCB,ThorBr21
Charles Tillman,5,22,LCB,TillCh20
Charles Tillman,3,23,LCB,TillCh20
Charles Tillman,8,24,LCB,TillCh20
Charles Tillman,7,25,LCB,TillCh20
Charles Tillman,6,26,LCB,TillCh20
Charles Tillman,7,27,LCB,TillCh20
Charles Tillman,5,28,LCB,TillCh20
Charles Tillman,7,29,RCB,TillCh20
Charles Tillman,10,30,RCB,TillCh20
Charles Tillman,17,31,RCB,TillCh20
Charles Tillman,3,32,RCB,TillCh20
Charles Tillman,4,34,LCB,TillCh20
Greg Toler,5,25,RCB,ToleGr99
Greg Toler,3,28,LCB,ToleGr99
Greg Toler,7,29,LCB,ToleGr99
Greg Toler,4,30,LCB,ToleGr99
Desmond Trufant,5,23,LCB,TrufDe00
Desmond Trufant,6,24,RCB,TrufDe00
Desmond Trufant,10,25,RCB,TrufDe00
Desmond Trufant,3,26,RCB,TrufDe00
Desmond Trufant,7,27,RCB,TrufDe00
Desmond Trufant,5,28,RCB,TrufDe00
Desmond Trufant,3,29,RCB,TrufDe00
Marcus Trufant,7,23,RCB/LCB,TrufMa20
Marcus Trufant,7,24,LCB,TrufMa20
Marcus Trufant,7,25,RCB,TrufMa20
Marcus Trufant,6,26,RCB,TrufMa20
Marcus Trufant,11,27,LCB,TrufMa20
Marcus Trufant,6,28,LCB,TrufMa20
Marcus Trufant,4,29,LCB,TrufMa20
Marcus Trufant,7,30,LCB,TrufMa20
Justin Tryon,2,26,LCB,TryoJu99
Nathan Vasher,5,23,CB,VashNa99
Nathan Vasher,15,24,RCB,VashNa99
Nathan Vasher,5,25,RCB,VashNa99
Nathan Vasher,3,27,RCB,VashNa99
Nathan Vasher,2,29,RCB,VashNa99
Alterraun Verner,5,22,LCB,VernAl99
Alterraun Verner,6,24,RCB,VernAl99
Alterraun Verner,13,25,RCB,VernAl99
Alterraun Verner,5,26,LCB,VernAl99
Jason Verrett,9,24,RCB,VerrJa00
Jason Verrett,5,29,LCB,VerrJa00
Frank Walker,3,23,RCB,WalkFr20
Frank Walker,3,28,CB,WalkFr20
Tim Wansley,4,25,RCB,WansTi20
Fabian Washington,3,22,RCB,WashFa20
Fabian Washington,5,23,RCB,WashFa20
Fabian Washington,5,25,LCB,WashFa20
Fabian Washington,4,26,LCB,WashFa20
Fabian Washington,3,27,RCB,WashFa20
Trae Waynes,6,25,LCB,WaynTr00
Trae Waynes,5,26,LCB,WaynTr00
Trae Waynes,4,27,LCB,WaynTr00
B.W. Webb,3,26,CB,WebbBW00
B.W. Webb,5,28,LCB,WebbBW00
B.W. Webb,4,29,LCB,WebbBW00
Lardarius Webb,9,26,LCB,WebbLa99
Lardarius Webb,7,28,LCB,WebbLa99
Lardarius Webb,4,29,LCB,WebbLa99
Lardarius Webb,5,30,LCB,WebbLa99
Corey Webster,4,24,LCB,WebsCo20
Corey Webster,7,26,RCB,WebsCo20
Corey Webster,4,27,LCB,WebsCo20
Corey Webster,6,28,LCB,WebsCo20
Corey Webster,6,29,LCB,WebsCo20
Corey Webster,6,30,LCB,WebsCo20
Kayvon Webster,4,26,RCB,WebsKa00
Ken Webster,2,23,LCB,WebsKe00
Corey White,4,23,LCB,WhitCo01
Corey White,4,24,RCB,WhitCo01
Rachad Wildgoose,2,22,CB,WildRa00
Jonathan Wilhite,4,25,LCB,WilhJo99
Aaron Williams,2,21,LCB,WillAa00
Aaron Williams,3,22,LCB,WillAa00
Brian Williams,3,23,LCB,WillBr22
Brian Williams,7,24,LCB/RCB,WillBr22
Brian Williams,4,25,RCB,WillBr22
Brian Williams,4,26,RCB,WillBr22
Brian Williams,6,27,RCB,WillBr22
Brian Williams,6,28,RCB,WillBr22
Brian Williams,6,29,RCB,WillBr22
Cary Williams,6,27,RCB,WillCa99
Cary Williams,8,28,RCB,WillCa99
Cary Williams,7,29,RCB,WillCa99
Cary Williams,6,30,RCB,WillCa99
Cary Williams,5,31,RCB,WillCa99
Darrent Williams,4,23,RCB,WillDa21
Darrent Williams,7,24,RCB,WillDa21
Greedy Williams,4,22,RCB,WillGr00
Greedy Williams,3,24,RCB,WillGr00
Greedy Williams,1,25,CB,WillGr00
Jimmy Williams,3,22,RCB,WillJi23
P.J. Williams,3,24,LCB,WillP.00
P.J. Williams,2,29,CB,WillP.00
Josh Wilson,6,23,RCB,WilsJo99
Josh Wilson,6,24,RCB,WilsJo99
Josh Wilson,4,25,RCB,WilsJo99
Josh Wilson,6,26,RCB,WilsJo99
Josh Wilson,5,27,RCB,WilsJo99
Josh Wilson,5,28,RCB,WilsJo99
Kyle Wilson,7,25,LCB,WilsKy99
Stanley Wilson,2,25,RCB,WilsSt20
Andre Woolfolk,3,25,LCB,WoolAn20
Blidi Wreh-Wilson,4,25,LCB,WrehBl00
Eric Wright,5,22,LCB,WrigEr99
Eric Wright,8,23,LCB,WrigEr99
Eric Wright,7,24,LCB,WrigEr99
Eric Wright,4,25,LCB,WrigEr99
Eric Wright,7,26,RCB,WrigEr99
Eric Wright,4,27,RCB,WrigEr99
Shareece Wright,5,26,RCB,WrigSh00
Shareece Wright,5,27,RCB,WrigSh00
Shareece Wright,3,28,LCB,WrigSh00
Shareece Wright,4,29,LCB,WrigSh00
Shareece Wright,3,30,RCB,WrigSh00
Tavon Young,6,22,LCB,YounTa01